occurrence_year,occurrence_date,bias_type,location_type,arrest_made
2018,2018-01-03,Religion,Other Commercial / Corporate Places,0
2018,2018-01-10,Race,Public Transportation,0
2018,2018-01-19,Religion,Streets/Roadways/Highway,0
2018,2018-01-19,Religion,Public Transportation,0
2018,2018-01-26,Religion,"Government Building (Courthouse, Museums, Parliament Building, Etc.)",0
2018,2018-01-27,Race,"Government Building (Courthouse, Museums, Parliament Building, Etc.)",0
2018,2018-02-01,Religion,Business/Retail,0
2018,2018-02-01,Sexual Orientation,"Apartment Building (Condo, Retirement Buidling, Etc.)",0
2018,2018-02-02,Religion,"Educational Institution (Universities, Colleges, Schools, Etc.)",0
2018,2018-02-05,Race,"Educational Institution (Universities, Colleges, Schools, Etc.)",0
2018,2018-02-12,Sexual Orientation,Public Transportation,0
2018,2018-02-13,Race,"Open Area, Park Or Parking Lot",0
2018,2018-02-16,Religion,Other Commercial / Corporate Places,0
2018,2018-02-17,Gender,Government Building,0
2018,2018-02-20,Religion,Other Commercial / Corporate Places,0
2018,2018-02-21,Religion,"Apartment Building (Condo, Retirement Buidling, Etc.)",0
2018,2018-02-22,Religion,"Medical Facility (Hospitals, Long-Term Care, Etc.)",0
2018,2018-02-23,Ethnicity,Streets/Roadways/Highway,1
2018,2018-02-24,Race,Other Commercial / Corporate Places,0
2018,2018-02-27,Race,"Government Building (Courthouse, Museums, Parliament Building, Etc.)",1
2018,2018-03-01,Ethnicity,"Educational Institution (Universities, Colleges, Schools, Etc.)",0
2018,2018-03-05,Race,"Educational Institution (Universities, Colleges, Schools, Etc.)",0
2018,2018-03-06,Race,"Government Building (Courthouse, Museums, Parliament Building, Etc.)",0
2018,2018-03-06,Religion,Religious Place Of Worship/Cultural Centre,0
2018,2018-03-09,Religion,Streets/Roadways/Highway,0
2018,2018-03-16,Religion,"Apartment Building (Condo, Retirement Buidling, Etc.)",0
2018,2018-03-22,Race,"Apartment Building (Condo, Retirement Buidling, Etc.)",0
2018,2018-03-27,Religion,"Apartment Building (Condo, Retirement Buidling, Etc.)",0
2018,2018-03-28,Religion,"Apartment Building (Condo, Retirement Buidling, Etc.)",0
2018,2018-03-28,Religion,Other Commercial / Corporate Places,1
2018,2018-04-08,Ethnicity,Religious Place Of Worship/Cultural Centre,0
2018,2018-04-12,Gender,Streets/Roadways/Highway,1
2018,2018-04-13,Race,Non-Commercial/Non For Profit,0
2018,2018-04-13,Gender,Streets/Roadways/Highway,1
2018,2018-04-14,Religion,"Medical Facility (Hospitals, Long-Term Care, Etc.)",0
2018,2018-04-15,Gender,Other Commercial / Corporate Places,1
2018,2018-04-16,Gender,Other Commercial / Corporate Places,1
2018,2018-04-19,Religion,"Educational Institution (Universities, Colleges, Schools, Etc.)",0
2018,2018-04-20,Race,Streets/Roadways/Highway,0
2018,2018-04-20,Race,"Educational Institution (Universities, Colleges, Schools, Etc.)",0
2018,2018-04-22,Religion,"House (Townhouse, Retirement Home, Garage, Vehicle, Cottage)",0
2018,2018-04-25,Religion,Other Commercial / Corporate Places,1
2018,2018-04-26,Religion,Streets/Roadways/Highway,0
2018,2018-04-28,Sexual Orientation,"Apartment Building (Condo, Retirement Buidling, Etc.)",0
2018,2018-05-05,Ethnicity,Public Transportation,0
2018,2018-05-14,Religion,"Educational Institution (Universities, Colleges, Schools, Etc.)",0
2018,2018-05-16,Ethnicity,"Educational Institution (Universities, Colleges, Schools, Etc.)",0
2018,2018-05-17,Religion,Streets/Roadways/Highway,0
2018,2018-05-19,Race,"Apartment Building (Condo, Retirement Buidling, Etc.)",1
2018,2018-05-21,Religion,"Educational Institution (Universities, Colleges, Schools, Etc.)",0
2018,2018-05-24,Religion,"Apartment Building (Condo, Retirement Buidling, Etc.)",0
2018,2018-05-29,Sexual Orientation,"Apartment Building (Condo, Retirement Buidling, Etc.)",0
2018,2018-05-29,Religion,Religious Place Of Worship/Cultural Centre,0
2018,2018-05-31,Race,"Open Area, Park Or Parking Lot",0
2018,2018-05-31,Religion,Streets/Roadways/Highway,0
2018,2018-06-01,Religion,Religious Place Of Worship/Cultural Centre,0
2018,2018-06-06,Religion,Public Transportation,1
2018,2018-06-06,Religion,Streets/Roadways/Highway,1
2018,2018-06-07,Religion,Streets/Roadways/Highway,1
2018,2018-06-12,Religion,Public Transportation,1
2018,2018-06-22,Ethnicity,Other Commercial / Corporate Places,1
2018,2018-06-23,Religion,Public Transportation,0
2018,2018-06-24,Sexual Orientation,"Apartment Building (Condo, Retirement Buidling, Etc.)",0
2018,2018-06-26,Sexual Orientation,Business/Retail,0
2018,2018-06-26,Sexual Orientation,"Educational Institution (Universities, Colleges, Schools, Etc.)",0
2018,2018-06-27,Religion,Public Transportation,0
2018,2018-06-29,Race,Public Transportation,0
2018,2018-07-04,Religion,Public Transportation,0
2018,2018-07-10,Religion,Business/Retail,0
2018,2018-07-14,Ethnicity,Streets/Roadways/Highway,0
2018,2018-07-21,Religion,Religious Place Of Worship/Cultural Centre,0
2018,2018-07-23,Religion,"Government Building (Courthouse, Museums, Parliament Building, Etc.)",1
2018,2018-07-23,Religion,"Apartment Building (Condo, Retirement Buidling, Etc.)",0
2018,2018-07-24,Race,"Open Area, Park Or Parking Lot",0
2018,2018-07-26,Ethnicity,Other Commercial / Corporate Places,0
2018,2018-07-29,Religion,"Open Area, Park Or Parking Lot",0
2018,2018-07-31,Religion,Religious Place Of Worship/Cultural Centre,0
2018,2018-08-02,Religion,Streets/Roadways/Highway,0
2018,2018-08-03,Religion,"Open Area, Park Or Parking Lot",0
2018,2018-08-03,Religion,"Apartment Building (Condo, Retirement Buidling, Etc.)",0
2018,2018-08-08,Sexual Orientation,Streets/Roadways/Highway,0
2018,2018-08-09,Religion,Business/Retail,1
2018,2018-08-11,Religion,Streets/Roadways/Highway,0
2018,2018-08-12,Gender,Streets/Roadways/Highway,0
2018,2018-08-14,Religion,"Open Area, Park Or Parking Lot",0
2018,2018-08-14,Religion,Religious Place Of Worship/Cultural Centre,1
2018,2018-08-19,Religion,"Educational Institution (Universities, Colleges, Schools, Etc.)",0
2018,2018-08-20,Race,"House (Townhouse, Retirement Home, Garage, Vehicle, Cottage)",0
2018,2018-08-21,Sexual Orientation,"House (Townhouse, Retirement Home, Garage, Vehicle, Cottage)",0
2018,2018-08-22,Race,"Government Building (Courthouse, Museums, Parliament Building, Etc.)",0
2018,2018-08-25,Ethnicity,Streets/Roadways/Highway,0
2018,2018-08-27,Race,"Educational Institution (Universities, Colleges, Schools, Etc.)",0
2018,2018-08-30,Religion,"Apartment Building (Condo, Retirement Buidling, Etc.)",0
2018,2018-08-31,Sexual Orientation,Streets/Roadways/Highway,0
2018,2018-09-04,Religion,"Apartment Building (Condo, Retirement Buidling, Etc.)",0
2018,2018-09-04,Religion,"Educational Institution (Universities, Colleges, Schools, Etc.)",0
2018,2018-09-15,Religion,Streets/Roadways/Highway,1
2018,2018-09-19,Religion,"Educational Institution (Universities, Colleges, Schools, Etc.)",0
2018,2018-09-20,Sexual Orientation,Religious Place Of Worship/Cultural Centre,0
2018,2018-09-21,Religion,"Apartment Building (Condo, Retirement Buidling, Etc.)",0
2018,2018-09-21,Race,Other Commercial / Corporate Places,0
2018,2018-10-01,Race,"Educational Institution (Universities, Colleges, Schools, Etc.)",0
2018,2018-10-02,Ethnicity,"Government Building (Courthouse, Museums, Parliament Building, Etc.)",0
2018,2018-10-04,Religion,"Government Building (Courthouse, Museums, Parliament Building, Etc.)",0
2018,2018-10-05,Ethnicity,Religious Place Of Worship/Cultural Centre,0
2018,2018-10-07,Religion,"Educational Institution (Universities, Colleges, Schools, Etc.)",0
2018,2018-10-07,Race,Religious Place Of Worship/Cultural Centre,0
2018,2018-10-08,Race,"Open Area, Park Or Parking Lot",0
2018,2018-10-09,Religion,"Educational Institution (Universities, Colleges, Schools, Etc.)",0
2018,2018-10-22,Religion,"Educational Institution (Universities, Colleges, Schools, Etc.)",1
2018,2018-10-25,Race,Streets/Roadways/Highway,0
2018,2018-10-26,Religion,Streets/Roadways/Highway,0
2018,2018-10-27,Religion,Business/Retail,0
2018,2018-10-27,Religion,Other Commercial / Corporate Places,0
2018,2018-10-29,Religion,"Apartment Building (Condo, Retirement Buidling, Etc.)",0
2018,2018-10-30,Race,"Educational Institution (Universities, Colleges, Schools, Etc.)",0
2018,2018-11-04,Sexual Orientation,Streets/Roadways/Highway,1
2018,2018-11-04,Religion,Streets/Roadways/Highway,0
2018,2018-11-08,Religion,Religious Place Of Worship/Cultural Centre,0
2018,2018-11-10,Race,Business/Retail,0
2018,2018-11-11,Religion,Streets/Roadways/Highway,0
2018,2018-11-18,Religion,"Apartment Building (Condo, Retirement Buidling, Etc.)",0
2018,2018-11-19,Religion,"Educational Institution (Universities, Colleges, Schools, Etc.)",0
2018,2018-11-21,Race,Other Commercial / Corporate Places,0
2018,2018-11-26,Religion,Religious Place Of Worship/Cultural Centre,0
2018,2018-12-05,Religion,"Educational Institution (Universities, Colleges, Schools, Etc.)",0
2018,2018-12-06,Religion,"Educational Institution (Universities, Colleges, Schools, Etc.)",0
2018,2018-12-08,Sexual Orientation,"Apartment Building (Condo, Retirement Buidling, Etc.)",0
2019,2019-01-01,Race,"Open Area, Park Or Parking Lot",0
2019,2019-01-12,Ethnicity,Business/Retail,0
2019,2019-01-16,Religion,"Educational Institution (Universities, Colleges, Schools, Etc.)",0
2019,2019-01-23,Race,"Educational Institution (Universities, Colleges, Schools, Etc.)",0
2019,2019-01-25,Gender,Business/Retail,1
2019,2019-01-26,Race,"Government Building (Courthouse, Museums, Parliament Building, Etc.)",0
2019,2019-01-27,Religion,Streets/Roadways/Highway,0
2019,2019-02-07,Religion,Religious Place Of Worship/Cultural Centre,1
2019,2019-02-11,Religion,Non-Commercial/Non For Profit,0
2019,2019-02-22,Gender,"Educational Institution (Universities, Colleges, Schools, Etc.)",0
2019,2019-02-23,Religion,"Open Area, Park Or Parking Lot",0
2019,2019-02-26,Race,"Educational Institution (Universities, Colleges, Schools, Etc.)",0
2019,2019-02-27,Religion,Business/Retail,0
2019,2019-03-02,Ethnicity,Public Transportation,0
2019,2019-03-02,Sexual Orientation,"Educational Institution (Universities, Colleges, Schools, Etc.)",0
2019,2019-03-09,Religion,Religious Place Of Worship/Cultural Centre,0
2019,2019-03-10,Gender,Streets/Roadways/Highway,1
2019,2019-03-14,Sexual Orientation,Streets/Roadways/Highway,0
2019,2019-03-15,Gender,"Educational Institution (Universities, Colleges, Schools, Etc.)",0
2019,2019-03-16,Race,"Educational Institution (Universities, Colleges, Schools, Etc.)",0
2019,2019-03-18,Religion,"Educational Institution (Universities, Colleges, Schools, Etc.)",0
2019,2019-03-23,Religion,"Open Area, Park Or Parking Lot",0
2019,2019-03-25,Race,Other Commercial / Corporate Places,0
2019,2019-04-06,Sexual Orientation,"House (Townhouse, Retirement Home, Garage, Vehicle, Cottage)",0
2019,2019-04-08,Religion,"Apartment Building (Condo, Retirement Buidling, Etc.)",0
2019,2019-04-09,Religion,Religious Place Of Worship/Cultural Centre,0
2019,2019-04-10,Religion,"Apartment Building (Condo, Retirement Buidling, Etc.)",0
2019,2019-04-10,Religion,Streets/Roadways/Highway,0
2019,2019-04-13,Religion,"Open Area, Park Or Parking Lot",0
2019,2019-04-21,Religion,Religious Place Of Worship/Cultural Centre,0
2019,2019-04-25,Religion,Streets/Roadways/Highway,0
2019,2019-04-30,Race,Streets/Roadways/Highway,0
2019,2019-05-05,Religion,"Government Building (Courthouse, Museums, Parliament Building, Etc.)",0
2019,2019-05-07,Sexual Orientation,"Government Building (Courthouse, Museums, Parliament Building, Etc.)",0
2019,2019-05-09,Religion,"Educational Institution (Universities, Colleges, Schools, Etc.)",0
2019,2019-05-10,Religion,Business/Retail,0
2019,2019-05-10,Religion,"House (Townhouse, Retirement Home, Garage, Vehicle, Cottage)",0
2019,2019-05-12,Gender,Streets/Roadways/Highway,0
2019,2019-05-15,Race,Other Commercial / Corporate Places,0
2019,2019-05-17,Race,"Apartment Building (Condo, Retirement Buidling, Etc.)",0
2019,2019-05-17,Race,"House (Townhouse, Retirement Home, Garage, Vehicle, Cottage)",1
2019,2019-05-19,Religion,"Open Area, Park Or Parking Lot",0
2019,2019-05-20,Religion,Streets/Roadways/Highway,1
2019,2019-05-22,Religion,Streets/Roadways/Highway,0
2019,2019-05-28,Race,"Apartment Building (Condo, Retirement Buidling, Etc.)",0
2019,2019-05-29,Sexual Orientation,"Medical Facility (Hospitals, Long-Term Care, Etc.)",0
2019,2019-05-31,Religion,Religious Place Of Worship/Cultural Centre,0
2019,2019-06-01,Gender,"Apartment Building (Condo, Retirement Buidling, Etc.)",0
2019,2019-06-03,Religion,"Government Building (Courthouse, Museums, Parliament Building, Etc.)",0
2019,2019-06-03,Religion,"Open Area, Park Or Parking Lot",0
2019,2019-06-04,Sexual Orientation,Streets/Roadways/Highway,1
2019,2019-06-07,Religion,"Open Area, Park Or Parking Lot",0
2019,2019-06-08,Race,"Open Area, Park Or Parking Lot",0
2019,2019-06-11,Sexual Orientation,"House (Townhouse, Retirement Home, Garage, Vehicle, Cottage)",1
2019,2019-06-15,Sexual Orientation,Streets/Roadways/Highway,0
2019,2019-06-17,Race,Streets/Roadways/Highway,0
2019,2019-06-17,Ethnicity,"Open Area, Park Or Parking Lot",0
2019,2019-06-19,Gender,Streets/Roadways/Highway,0
2019,2019-06-19,Ethnicity,Public Transportation,0
2019,2019-06-20,Religion,"Educational Institution (Universities, Colleges, Schools, Etc.)",0
2019,2019-06-23,Ethnicity,"Open Area, Park Or Parking Lot",0
2019,2019-06-24,Religion,"Apartment Building (Condo, Retirement Buidling, Etc.)",0
2019,2019-06-26,Race,Public Transportation,1
2019,2019-06-27,Race,"House (Townhouse, Retirement Home, Garage, Vehicle, Cottage)",0
2019,2019-06-30,Religion,"Open Area, Park Or Parking Lot",0
2019,2019-07-02,Ethnicity,Streets/Roadways/Highway,0
2019,2019-07-04,Sexual Orientation,Other Commercial / Corporate Places,1
2019,2019-07-08,Race,"Educational Institution (Universities, Colleges, Schools, Etc.)",0
2019,2019-07-08,Sexual Orientation,"Educational Institution (Universities, Colleges, Schools, Etc.)",0
2019,2019-07-09,Ethnicity,Streets/Roadways/Highway,1
2019,2019-07-12,Sexual Orientation,Business/Retail,1
2019,2019-07-15,Religion,Religious Place Of Worship/Cultural Centre,0
2019,2019-07-16,Race,Streets/Roadways/Highway,1
2019,2019-07-18,Religion,Religious Place Of Worship/Cultural Centre,0
2019,2019-07-19,Race,Business/Retail,0
2019,2019-07-20,Religion,"Apartment Building (Condo, Retirement Buidling, Etc.)",1
2019,2019-07-24,Religion,Other Commercial / Corporate Places,0
2019,2019-07-25,Race,"Educational Institution (Universities, Colleges, Schools, Etc.)",0
2019,2019-07-26,Religion,Streets/Roadways/Highway,1
2019,2019-07-28,Religion,"Open Area, Park Or Parking Lot",0
2019,2019-07-28,Religion,Business/Retail,0
2019,2019-08-06,Religion,"House (Townhouse, Retirement Home, Garage, Vehicle, Cottage)",0
2019,2019-08-11,Race,Non-Commercial/Non For Profit,0
2019,2019-08-12,Race,"Government Building (Courthouse, Museums, Parliament Building, Etc.)",1
2019,2019-08-16,Religion,"Open Area, Park Or Parking Lot",0
2019,2019-08-20,Sexual Orientation,"House (Townhouse, Retirement Home, Garage, Vehicle, Cottage)",1
2019,2019-08-22,Race,Public Transportation,0
2019,2019-08-22,Religion,"Government Building (Courthouse, Museums, Parliament Building, Etc.)",0
2019,2019-08-23,Race,Other Commercial / Corporate Places,0
2019,2019-08-23,Race,"Apartment Building (Condo, Retirement Buidling, Etc.)",0
2019,2019-08-25,Religion,Other Commercial / Corporate Places,0
2019,2019-08-26,Religion,Other Commercial / Corporate Places,0
2019,2019-08-30,Religion,"Open Area, Park Or Parking Lot",0
2019,2019-08-31,Religion,"Open Area, Park Or Parking Lot",0
2019,2019-09-01,Religion,Other Commercial / Corporate Places,0
2019,2019-09-02,Sexual Orientation,"Apartment Building (Condo, Retirement Buidling, Etc.)",0
2019,2019-09-03,Religion,"Apartment Building (Condo, Retirement Buidling, Etc.)",0
2019,2019-09-03,Ethnicity,"House (Townhouse, Retirement Home, Garage, Vehicle, Cottage)",0
2019,2019-09-05,Religion,Religious Place Of Worship/Cultural Centre,0
2019,2019-09-05,Race,"Educational Institution (Universities, Colleges, Schools, Etc.)",0
2019,2019-09-10,Religion,"Open Area, Park Or Parking Lot",0
2019,2019-09-10,Religion,Streets/Roadways/Highway,0
2019,2019-09-11,Ethnicity,"Apartment Building (Condo, Retirement Buidling, Etc.)",0
2019,2019-09-11,Ethnicity,Streets/Roadways/Highway,0
2019,2019-09-17,Religion,Other Commercial / Corporate Places,1
2019,2019-09-21,Religion,Streets/Roadways/Highway,0
2019,2019-09-25,Religion,Streets/Roadways/Highway,0
2019,2019-09-25,Gender,Streets/Roadways/Highway,0
2019,2019-09-25,Religion,Other Commercial / Corporate Places,0
2019,2019-09-30,Race,"Apartment Building (Condo, Retirement Buidling, Etc.)",0
2019,2019-10-07,Religion,"Apartment Building (Condo, Retirement Buidling, Etc.)",0
2019,2019-10-14,Gender,"Apartment Building (Condo, Retirement Buidling, Etc.)",0
2019,2019-10-16,Religion,Religious Place Of Worship/Cultural Centre,0
2019,2019-10-22,Religion,"Educational Institution (Universities, Colleges, Schools, Etc.)",0
2019,2019-11-06,Religion,"Open Area, Park Or Parking Lot",0
2019,2019-11-07,Religion,Other Commercial / Corporate Places,1
2019,2019-11-11,Race,Public Transportation,1
2019,2019-11-13,Religion,Other Commercial / Corporate Places,0
2019,2019-11-13,Race,Public Transportation,0
2019,2019-11-17,Race,Other Commercial / Corporate Places,0
2019,2019-11-20,Religion,"Educational Institution (Universities, Colleges, Schools, Etc.)",0
2019,2019-11-22,Ethnicity,Streets/Roadways/Highway,0
2019,2019-11-24,Ethnicity,"Educational Institution (Universities, Colleges, Schools, Etc.)",0
2019,2019-12-03,Gender,"Educational Institution (Universities, Colleges, Schools, Etc.)",1
2019,2019-12-06,Race,"Educational Institution (Universities, Colleges, Schools, Etc.)",0
2019,2019-12-11,Religion,"Educational Institution (Universities, Colleges, Schools, Etc.)",0
2019,2019-12-30,Religion,"Apartment Building (Condo, Retirement Buidling, Etc.)",0
2020,2020-01-01,Religion,"Apartment Building (Condo, Retirement Buidling, Etc.)",0
2020,2020-01-05,Religion,Other Commercial / Corporate Places,0
2020,2020-01-08,Gender,Non-Commercial/Non For Profit,1
2020,2020-01-09,Religion,Public Transportation,0
2020,2020-01-09,Ethnicity,Streets/Roadways/Highway,0
2020,2020-01-10,Religion,Other Commercial / Corporate Places,0
2020,2020-01-14,Sexual Orientation,Streets/Roadways/Highway,0
2020,2020-01-17,Religion,"Apartment Building (Condo, Retirement Buidling, Etc.)",0
2020,2020-01-18,Race,"Open Area, Park Or Parking Lot",0
2020,2020-01-19,Religion,"House (Townhouse, Retirement Home, Garage, Vehicle, Cottage)",0
2020,2020-01-20,Religion,Public Transportation,0
2020,2020-01-20,Race,"Government Building (Courthouse, Museums, Parliament Building, Etc.)",0
2020,2020-01-20,Race,Other Commercial / Corporate Places,0
2020,2020-01-27,Religion,Business/Retail,0
2020,2020-01-30,Race,Public Transportation,0
2020,2020-02-02,Religion,Streets/Roadways/Highway,0
2020,2020-02-07,Ethnicity,Public Transportation,1
2020,2020-02-07,Religion,Religious Place Of Worship/Cultural Centre,0
2020,2020-02-11,Sexual Orientation,"Government Building (Courthouse, Museums, Parliament Building, Etc.)",0
2020,2020-02-11,Ethnicity,"Educational Institution (Universities, Colleges, Schools, Etc.)",0
2020,2020-02-18,Religion,"Open Area, Park Or Parking Lot",0
2020,2020-02-21,Religion,Public Transportation,0
2020,2020-02-24,Religion,"Educational Institution (Universities, Colleges, Schools, Etc.)",0
2020,2020-02-28,Sexual Orientation,"Educational Institution (Universities, Colleges, Schools, Etc.)",1
2020,2020-03-02,Race,"Apartment Building (Condo, Retirement Buidling, Etc.)",0
2020,2020-03-08,Religion,Public Transportation,0
2020,2020-03-09,Sexual Orientation,Public Transportation,0
2020,2020-03-09,Religion,Public Transportation,0
2020,2020-03-17,Race,Public Transportation,0
2020,2020-03-26,Ethnicity,Business/Retail,0
2020,2020-03-30,Religion,"Government Building (Courthouse, Museums, Parliament Building, Etc.)",0
2020,2020-04-02,Ethnicity,Public Transportation,0
2020,2020-04-03,Religion,"Apartment Building (Condo, Retirement Buidling, Etc.)",0
2020,2020-04-04,Religion,"Open Area, Park Or Parking Lot",0
2020,2020-04-04,Religion,"Apartment Building (Condo, Retirement Buidling, Etc.)",0
2020,2020-04-05,Religion,"Open Area, Park Or Parking Lot",0
2020,2020-04-08,Race,Streets/Roadways/Highway,0
2020,2020-04-08,Race,"Medical Facility (Hospitals, Long-Term Care, Etc.)",1
2020,2020-04-19,Religion,Religious Place Of Worship/Cultural Centre,0
2020,2020-04-21,Sexual Orientation,Streets/Roadways/Highway,0
2020,2020-04-22,Gender,Other Commercial / Corporate Places,0
2020,2020-04-23,Sexual Orientation,"Apartment Building (Condo, Retirement Buidling, Etc.)",0
2020,2020-04-25,Ethnicity,Streets/Roadways/Highway,0
2020,2020-04-25,Gender,"Apartment Building (Condo, Retirement Buidling, Etc.)",0
2020,2020-05-01,Religion,Religious Place Of Worship/Cultural Centre,0
2020,2020-05-05,Religion,Religious Place Of Worship/Cultural Centre,0
2020,2020-05-07,Ethnicity,Business/Retail,1
2020,2020-05-10,Race,"House (Townhouse, Retirement Home, Garage, Vehicle, Cottage)",0
2020,2020-05-15,Race,"Apartment Building (Condo, Retirement Buidling, Etc.)",0
2020,2020-05-16,Sexual Orientation,"Apartment Building (Condo, Retirement Buidling, Etc.)",1
2020,2020-05-16,Religion,Religious Place Of Worship/Cultural Centre,0
2020,2020-05-18,Race,Religious Place Of Worship/Cultural Centre,0
2020,2020-05-21,Race,Streets/Roadways/Highway,1
2020,2020-05-22,Sexual Orientation,"Apartment Building (Condo, Retirement Buidling, Etc.)",1
2020,2020-05-23,Race,"Open Area, Park Or Parking Lot",1
2020,2020-05-25,Race,"Government Building (Courthouse, Museums, Parliament Building, Etc.)",0
2020,2020-05-25,Ethnicity,Streets/Roadways/Highway,0
2020,2020-05-26,Religion,"Educational Institution (Universities, Colleges, Schools, Etc.)",0
2020,2020-05-26,Ethnicity,Streets/Roadways/Highway,1
2020,2020-05-26,Religion,Religious Place Of Worship/Cultural Centre,0
2020,2020-05-29,Race,"Open Area, Park Or Parking Lot",1
2020,2020-05-30,Religion,Public Transportation,0
2020,2020-05-30,Race,"Government Building (Courthouse, Museums, Parliament Building, Etc.)",0
2020,2020-06-01,Sexual Orientation,Other Commercial / Corporate Places,1
2020,2020-06-01,Race,"Open Area, Park Or Parking Lot",0
2020,2020-06-02,Race,Streets/Roadways/Highway,0
2020,2020-06-03,Sexual Orientation,"House (Townhouse, Retirement Home, Garage, Vehicle, Cottage)",0
2020,2020-06-05,Religion,"Educational Institution (Universities, Colleges, Schools, Etc.)",0
2020,2020-06-06,Religion,Streets/Roadways/Highway,0
2020,2020-06-06,Race,Streets/Roadways/Highway,1
2020,2020-06-09,Race,Other Commercial / Corporate Places,1
2020,2020-06-11,Race,Public Transportation,0
2020,2020-06-13,Religion,Religious Place Of Worship/Cultural Centre,0
2020,2020-06-16,Religion,Streets/Roadways/Highway,0
2020,2020-06-16,Ethnicity,Streets/Roadways/Highway,1
2020,2020-06-18,Race,"Medical Facility (Hospitals, Long-Term Care, Etc.)",1
2020,2020-06-19,Ethnicity,Other Commercial / Corporate Places,1
2020,2020-06-20,Race,Streets/Roadways/Highway,0
2020,2020-06-21,Race,Streets/Roadways/Highway,0
2020,2020-06-26,Race,Other Commercial / Corporate Places,0
2020,2020-06-26,Ethnicity,"Open Area, Park Or Parking Lot",0
2020,2020-06-26,Race,Public Transportation,1
2020,2020-06-28,Race,"Open Area, Park Or Parking Lot",0
2020,2020-06-28,Race,"House (Townhouse, Retirement Home, Garage, Vehicle, Cottage)",0
2020,2020-06-28,Race,Public Transportation,1
2020,2020-06-28,Religion,"Apartment Building (Condo, Retirement Buidling, Etc.)",0
2020,2020-06-30,Ethnicity,Streets/Roadways/Highway,1
2020,2020-07-02,Race,"Open Area, Park Or Parking Lot",1
2020,2020-07-03,Ethnicity,Streets/Roadways/Highway,1
2020,2020-07-06,Sexual Orientation,"Apartment Building (Condo, Retirement Buidling, Etc.)",0
2020,2020-07-06,Religion,"House (Townhouse, Retirement Home, Garage, Vehicle, Cottage)",0
2020,2020-07-10,Race,Other Commercial / Corporate Places,0
2020,2020-07-16,Religion,"House (Townhouse, Retirement Home, Garage, Vehicle, Cottage)",0
2020,2020-07-17,Race,Public Transportation,1
2020,2020-07-17,Race,"House (Townhouse, Retirement Home, Garage, Vehicle, Cottage)",0
2020,2020-07-18,Race,Streets/Roadways/Highway,0
2020,2020-07-19,Religion,Streets/Roadways/Highway,0
2020,2020-07-20,Sexual Orientation,Public Transportation,0
2020,2020-07-22,Ethnicity,Public Transportation,1
2020,2020-07-22,Religion,"Government Building (Courthouse, Museums, Parliament Building, Etc.)",0
2020,2020-07-23,Race,"Educational Institution (Universities, Colleges, Schools, Etc.)",0
2020,2020-07-23,Race,"House (Townhouse, Retirement Home, Garage, Vehicle, Cottage)",0
2020,2020-07-27,Race,Public Transportation,0
2020,2020-07-30,Religion,"Educational Institution (Universities, Colleges, Schools, Etc.)",0
2020,2020-07-30,Religion,"Open Area, Park Or Parking Lot",0
2020,2020-07-31,Gender,Streets/Roadways/Highway,0
2020,2020-07-31,Religion,"Apartment Building (Condo, Retirement Buidling, Etc.)",0
2020,2020-08-01,Religion,"Educational Institution (Universities, Colleges, Schools, Etc.)",0
2020,2020-08-06,Religion,Streets/Roadways/Highway,0
2020,2020-08-07,Religion,Business/Retail,0
2020,2020-08-11,Religion,"Open Area, Park Or Parking Lot",0
2020,2020-08-11,Race,Other Commercial / Corporate Places,0
2020,2020-08-12,Religion,Streets/Roadways/Highway,0
2020,2020-08-12,Race,Public Transportation,0
2020,2020-08-13,Ethnicity,"Apartment Building (Condo, Retirement Buidling, Etc.)",0
2020,2020-08-13,Race,"Apartment Building (Condo, Retirement Buidling, Etc.)",0
2020,2020-08-15,Religion,Other Commercial / Corporate Places,0
2020,2020-08-16,Ethnicity,Streets/Roadways/Highway,1
2020,2020-08-18,Religion,"Apartment Building (Condo, Retirement Buidling, Etc.)",0
2020,2020-08-19,Religion,Streets/Roadways/Highway,0
2020,2020-08-20,Ethnicity,"Open Area, Park Or Parking Lot",0
2020,2020-08-23,Language,Public Transportation,1
2020,2020-08-24,Race,Public Transportation,0
2020,2020-08-24,Race,Streets/Roadways/Highway,0
2020,2020-08-24,Sexual Orientation,"Apartment Building (Condo, Retirement Buidling, Etc.)",0
2020,2020-08-25,Religion,Streets/Roadways/Highway,0
2020,2020-08-27,Race,Other Commercial / Corporate Places,1
2020,2020-08-30,Religion,Religious Place Of Worship/Cultural Centre,0
2020,2020-08-31,Ethnicity,Streets/Roadways/Highway,0
2020,2020-08-31,Race,Streets/Roadways/Highway,1
2020,2020-09-03,Religion,Streets/Roadways/Highway,0
2020,2020-09-03,Ethnicity,Streets/Roadways/Highway,0
2020,2020-09-05,Ethnicity,Streets/Roadways/Highway,0
2020,2020-09-08,Religion,Other Commercial / Corporate Places,0
2020,2020-09-08,Sexual Orientation,"Apartment Building (Condo, Retirement Buidling, Etc.)",0
2020,2020-09-08,Sexual Orientation,"Apartment Building (Condo, Retirement Buidling, Etc.)",1
2020,2020-09-09,Race,Streets/Roadways/Highway,1
2020,2020-09-09,Ethnicity,"Apartment Building (Condo, Retirement Buidling, Etc.)",0
2020,2020-09-09,Religion,Public Transportation,0
2020,2020-09-10,Race,Streets/Roadways/Highway,0
2020,2020-09-11,Religion,Government Building,1
2020,2020-09-11,Religion,Streets/Roadways/Highway,0
2020,2020-09-13,Race,"Apartment Building (Condo, Retirement Buidling, Etc.)",0
2020,2020-09-14,Religion,Public Transportation,0
2020,2020-09-17,Religion,Public Transportation,0
2020,2020-09-17,Race,Public Transportation,0
2020,2020-09-20,Ethnicity,Other Commercial / Corporate Places,0
2020,2020-09-23,Religion,Religious Place Of Worship/Cultural Centre,0
2020,2020-09-25,Gender,Streets/Roadways/Highway,0
2020,2020-09-29,Ethnicity,Streets/Roadways/Highway,1
2020,2020-09-29,Race,"Educational Institution (Universities, Colleges, Schools, Etc.)",0
2020,2020-09-30,Ethnicity,Other Commercial / Corporate Places,0
2020,2020-09-30,Sexual Orientation,"Educational Institution (Universities, Colleges, Schools, Etc.)",0
2020,2020-10-02,Religion,Public Transportation,0
2020,2020-10-03,Religion,Business/Retail,0
2020,2020-10-05,Race,Other Commercial / Corporate Places,0
2020,2020-10-09,Race,"Open Area, Park Or Parking Lot",0
2020,2020-10-11,Ethnicity,Streets/Roadways/Highway,0
2020,2020-10-12,Race,"Medical Facility (Hospitals, Long-Term Care, Etc.)",0
2020,2020-10-13,Ethnicity,Business/Retail,0
2020,2020-10-14,Race,"Medical Facility (Hospitals, Long-Term Care, Etc.)",0
2020,2020-10-15,Sexual Orientation,Streets/Roadways/Highway,0
2020,2020-10-15,Religion,Streets/Roadways/Highway,0
2020,2020-10-15,Race,"Apartment Building (Condo, Retirement Buidling, Etc.)",0
2020,2020-10-15,Race,Non-Commercial/Non For Profit,1
2020,2020-10-17,Religion,Streets/Roadways/Highway,0
2020,2020-10-17,Ethnicity,"Open Area, Park Or Parking Lot",1
2020,2020-10-21,Race,"Medical Facility (Hospitals, Long-Term Care, Etc.)",0
2020,2020-10-25,Age,"Government Building (Courthouse, Museums, Parliament Building, Etc.)",0
2020,2020-10-25,Race,Streets/Roadways/Highway,0
2020,2020-10-25,Religion,"House (Townhouse, Retirement Home, Garage, Vehicle, Cottage)",0
2020,2020-10-26,Religion,"Educational Institution (Universities, Colleges, Schools, Etc.)",0
2020,2020-10-26,Sexual Orientation,"House (Townhouse, Retirement Home, Garage, Vehicle, Cottage)",1
2020,2020-10-27,Religion,Religious Place Of Worship/Cultural Centre,0
2020,2020-10-28,Religion,Public Transportation,0
2020,2020-10-29,Religion,"Government Building (Courthouse, Museums, Parliament Building, Etc.)",0
2020,2020-10-31,Race,"House (Townhouse, Retirement Home, Garage, Vehicle, Cottage)",0
2020,2020-11-02,Religion,"Educational Institution (Universities, Colleges, Schools, Etc.)",0
2020,2020-11-03,Religion,"Educational Institution (Universities, Colleges, Schools, Etc.)",0
2020,2020-11-03,Race,Other Commercial / Corporate Places,0
2020,2020-11-05,Race,Streets/Roadways/Highway,0
2020,2020-11-06,Race,"Apartment Building (Condo, Retirement Buidling, Etc.)",0
2020,2020-11-07,Ethnicity,Streets/Roadways/Highway,0
2020,2020-11-10,Race,"Apartment Building (Condo, Retirement Buidling, Etc.)",0
2020,2020-11-11,Sexual Orientation,Streets/Roadways/Highway,0
2020,2020-11-11,Religion,"Open Area, Park Or Parking Lot",0
2020,2020-11-12,Race,"Government Building (Courthouse, Museums, Parliament Building, Etc.)",1
2020,2020-11-14,Religion,Streets/Roadways/Highway,0
2020,2020-11-16,Race,"House (Townhouse, Retirement Home, Garage, Vehicle, Cottage)",0
2020,2020-11-23,Ethnicity,Streets/Roadways/Highway,1
2020,2020-11-25,Religion,"Educational Institution (Universities, Colleges, Schools, Etc.)",0
2020,2020-11-25,Religion,Streets/Roadways/Highway,1
2020,2020-11-27,Religion,Public Transportation,0
2020,2020-11-28,Race,"Apartment Building (Condo, Retirement Buidling, Etc.)",0
2020,2020-12-01,Ethnicity,Streets/Roadways/Highway,1
2020,2020-12-04,Religion,Religious Place Of Worship/Cultural Centre,1
2020,2020-12-07,Religion,Streets/Roadways/Highway,0
2020,2020-12-08,Race,"Open Area, Park Or Parking Lot",0
2020,2020-12-11,Race,"Apartment Building (Condo, Retirement Buidling, Etc.)",1
2020,2020-12-13,Religion,Religious Place Of Worship/Cultural Centre,1
2020,2020-12-17,Religion,"Government Building (Courthouse, Museums, Parliament Building, Etc.)",0
2020,2020-12-18,Race,"Educational Institution (Universities, Colleges, Schools, Etc.)",0
2020,2020-12-19,Religion,"Apartment Building (Condo, Retirement Buidling, Etc.)",0
2020,2020-12-21,Religion,"Open Area, Park Or Parking Lot",0
2020,2020-12-22,Religion,Streets/Roadways/Highway,0
2020,2020-12-22,Religion,Other Commercial / Corporate Places,0
2020,2020-12-23,Religion,Religious Place Of Worship/Cultural Centre,1
2020,2020-12-23,Religion,"Educational Institution (Universities, Colleges, Schools, Etc.)",0
2021,2021-01-01,Race,"Educational Institution (Universities, Colleges, Schools, Etc.)",0
2021,2021-01-01,Gender,"Apartment Building (Condo, Retirement Buidling, Etc.)",0
2021,2021-01-02,Race,"Open Area, Park Or Parking Lot",0
2021,2021-01-04,Religion,Religious Place Of Worship/Cultural Centre,0
2021,2021-01-12,Race,Streets/Roadways/Highway,0
2021,2021-01-13,Race,Streets/Roadways/Highway,0
2021,2021-01-22,Religion,Streets/Roadways/Highway,0
2021,2021-01-24,Religion,"Educational Institution (Universities, Colleges, Schools, Etc.)",0
2021,2021-01-26,Race,Streets/Roadways/Highway,0
2021,2021-01-27,Ethnicity,Other Commercial / Corporate Places,1
2021,2021-01-28,Religion,"Educational Institution (Universities, Colleges, Schools, Etc.)",0
2021,2021-01-28,Race,"Educational Institution (Universities, Colleges, Schools, Etc.)",0
2021,2021-01-28,Religion,"Apartment Building (Condo, Retirement Buidling, Etc.)",0
2021,2021-02-02,Religion,"Open Area, Park Or Parking Lot",0
2021,2021-02-06,Race,"Government Building (Courthouse, Museums, Parliament Building, Etc.)",0
2021,2021-02-10,Race,"Apartment Building (Condo, Retirement Buidling, Etc.)",0
2021,2021-02-15,Religion,"Open Area, Park Or Parking Lot",0
2021,2021-02-16,Religion,"Educational Institution (Universities, Colleges, Schools, Etc.)",0
2021,2021-02-16,Race,"Medical Facility (Hospitals, Long-Term Care, Etc.)",1
2021,2021-02-16,Race,Other Commercial / Corporate Places,1
2021,2021-02-20,Race,"Open Area, Park Or Parking Lot",0
2021,2021-02-22,Sexual Orientation,"House (Townhouse, Retirement Home, Garage, Vehicle, Cottage)",1
2021,2021-02-23,Race,Public Transportation,0
2021,2021-02-24,Race,Streets/Roadways/Highway,0
2021,2021-02-25,Race,Other Commercial / Corporate Places,0
2021,2021-02-26,Ethnicity,Streets/Roadways/Highway,1
2021,2021-02-27,Religion,Streets/Roadways/Highway,1
2021,2021-02-28,Race,Streets/Roadways/Highway,0
2021,2021-03-01,Race,"Apartment Building (Condo, Retirement Buidling, Etc.)",1
2021,2021-03-01,Religion,"Educational Institution (Universities, Colleges, Schools, Etc.)",0
2021,2021-03-02,Race,"Apartment Building (Condo, Retirement Buidling, Etc.)",0
2021,2021-03-02,Race,Streets/Roadways/Highway,0
2021,2021-03-07,Religion,Public Transportation,0
2021,2021-03-08,Race,"Educational Institution (Universities, Colleges, Schools, Etc.)",0
2021,2021-03-10,Race,"House (Townhouse, Retirement Home, Garage, Vehicle, Cottage)",0
2021,2021-03-10,Race,Other Commercial / Corporate Places,1
2021,2021-03-11,Religion,Streets/Roadways/Highway,1
2021,2021-03-12,Race,Streets/Roadways/Highway,0
2021,2021-03-13,Ethnicity,"Apartment Building (Condo, Retirement Buidling, Etc.)",0
2021,2021-03-14,Religion,"Educational Institution (Universities, Colleges, Schools, Etc.)",0
2021,2021-03-14,Religion,Public Transportation,0
2021,2021-03-15,Sexual Orientation,"Educational Institution (Universities, Colleges, Schools, Etc.)",0
2021,2021-03-18,Race,"Apartment Building (Condo, Retirement Buidling, Etc.)",0
2021,2021-03-19,Religion,"House (Townhouse, Retirement Home, Garage, Vehicle, Cottage)",1
2021,2021-03-20,Race,Public Transportation,1
2021,2021-03-20,Religion,"Apartment Building (Condo, Retirement Buidling, Etc.)",0
2021,2021-03-22,Religion,"Apartment Building (Condo, Retirement Buidling, Etc.)",0
2021,2021-03-22,Race,Public Transportation,0
2021,2021-03-23,Sexual Orientation,"Open Area, Park Or Parking Lot",0
2021,2021-03-25,Ethnicity,Streets/Roadways/Highway,0
2021,2021-03-25,Religion,Streets/Roadways/Highway,0
2021,2021-03-25,Race,"Educational Institution (Universities, Colleges, Schools, Etc.)",0
2021,2021-03-25,Race,Public Transportation,0
2021,2021-03-25,Race,Streets/Roadways/Highway,0
2021,2021-03-26,Race,"Open Area, Park Or Parking Lot",0
2021,2021-03-26,Religion,"Apartment Building (Condo, Retirement Buidling, Etc.)",0
2021,2021-03-27,Race,Public Transportation,0
2021,2021-03-29,Religion,Streets/Roadways/Highway,1
2021,2021-03-30,Race,Streets/Roadways/Highway,1
2021,2021-03-30,Religion,"Open Area, Park Or Parking Lot",0
2021,2021-03-31,Race,Streets/Roadways/Highway,1
2021,2021-03-31,Race,Public Transportation,1
2021,2021-03-31,Race,Business/Retail,0
2021,2021-04-01,Race,"House (Townhouse, Retirement Home, Garage, Vehicle, Cottage)",0
2021,2021-04-01,Ethnicity,Public Transportation,1
2021,2021-04-03,Race,"Open Area, Park Or Parking Lot",0
2021,2021-04-05,Sexual Orientation,"Apartment Building (Condo, Retirement Buidling, Etc.)",0
2021,2021-04-06,Gender,"Open Area, Park Or Parking Lot",0
2021,2021-04-09,Race,Public Transportation,0
2021,2021-04-09,Gender,Public Transportation,1
2021,2021-04-11,Race,"House (Townhouse, Retirement Home, Garage, Vehicle, Cottage)",0
2021,2021-04-11,Race,Streets/Roadways/Highway,0
2021,2021-04-11,Race,Public Transportation,1
2021,2021-04-11,Race,Streets/Roadways/Highway,1
2021,2021-04-15,Gender,Non-Commercial/Non For Profit,0
2021,2021-04-19,Race,Streets/Roadways/Highway,1
2021,2021-04-22,Religion,Other Commercial / Corporate Places,0
2021,2021-04-27,Gender,"Apartment Building (Condo, Retirement Buidling, Etc.)",0
2021,2021-04-28,Religion,"Open Area, Park Or Parking Lot",0
2021,2021-04-29,Race,"Apartment Building (Condo, Retirement Buidling, Etc.)",0
2021,2021-04-30,Religion,"Apartment Building (Condo, Retirement Buidling, Etc.)",0
2021,2021-04-30,Ethnicity,"House (Townhouse, Retirement Home, Garage, Vehicle, Cottage)",0
2021,2021-05-01,Race,Public Transportation,0
2021,2021-05-02,Religion,"Open Area, Park Or Parking Lot",0
2021,2021-05-05,Religion,Public Transportation,0
2021,2021-05-05,Race,Streets/Roadways/Highway,1
2021,2021-05-10,Race,Streets/Roadways/Highway,1
2021,2021-05-10,Race,Streets/Roadways/Highway,0
2021,2021-05-11,Race,Public Transportation,0
2021,2021-05-11,Religion,"Medical Facility (Hospitals, Long-Term Care, Etc.)",0
2021,2021-05-14,Religion,"House (Townhouse, Retirement Home, Garage, Vehicle, Cottage)",0
2021,2021-05-14,Race,Government Building,1
2021,2021-05-15,Religion,Streets/Roadways/Highway,0
2021,2021-05-15,Race,Streets/Roadways/Highway,0
2021,2021-05-15,Religion,Streets/Roadways/Highway,1
2021,2021-05-17,Religion,"Educational Institution (Universities, Colleges, Schools, Etc.)",0
2021,2021-05-17,Gender,Streets/Roadways/Highway,0
2021,2021-05-18,Religion,Other Commercial / Corporate Places,0
2021,2021-05-19,Religion,"Educational Institution (Universities, Colleges, Schools, Etc.)",0
2021,2021-05-23,Race,Streets/Roadways/Highway,0
2021,2021-05-24,Race,"Open Area, Park Or Parking Lot",0
2021,2021-05-24,Race,Streets/Roadways/Highway,0
2021,2021-05-28,Race,"Educational Institution (Universities, Colleges, Schools, Etc.)",0
2021,2021-05-31,Race,Streets/Roadways/Highway,0
2021,2021-05-31,Gender,Religious Place Of Worship/Cultural Centre,0
2021,2021-06-01,Ethnicity,"Open Area, Park Or Parking Lot",0
2021,2021-06-01,Gender,Streets/Roadways/Highway,1
2021,2021-06-03,Race,Streets/Roadways/Highway,0
2021,2021-06-03,Race,"Open Area, Park Or Parking Lot",1
2021,2021-06-04,Sexual Orientation,"Educational Institution (Universities, Colleges, Schools, Etc.)",0
2021,2021-06-05,Sexual Orientation,Streets/Roadways/Highway,0
2021,2021-06-05,Race,Streets/Roadways/Highway,0
2021,2021-06-06,Race,Streets/Roadways/Highway,0
2021,2021-06-07,Sexual Orientation,"Educational Institution (Universities, Colleges, Schools, Etc.)",0
2021,2021-06-07,Race,Public Transportation,0
2021,2021-06-08,Sexual Orientation,"Apartment Building (Condo, Retirement Buidling, Etc.)",0
2021,2021-06-08,Race,Public Transportation,0
2021,2021-06-09,Language,Streets/Roadways/Highway,0
2021,2021-06-09,Ethnicity,"Open Area, Park Or Parking Lot",0
2021,2021-06-10,Sexual Orientation,"Educational Institution (Universities, Colleges, Schools, Etc.)",0
2021,2021-06-12,Sexual Orientation,"House (Townhouse, Retirement Home, Garage, Vehicle, Cottage)",1
2021,2021-06-15,Race,Streets/Roadways/Highway,1
2021,2021-06-18,Sexual Orientation,"Apartment Building (Condo, Retirement Buidling, Etc.)",1
2021,2021-06-18,Religion,"Open Area, Park Or Parking Lot",0
2021,2021-06-18,Religion,Public Transportation,0
2021,2021-06-19,Race,"Educational Institution (Universities, Colleges, Schools, Etc.)",0
2021,2021-06-20,Religion,Religious Place Of Worship/Cultural Centre,0
2021,2021-06-21,Religion,Public Transportation,0
2021,2021-06-22,Religion,"Open Area, Park Or Parking Lot",1
2021,2021-06-27,Ethnicity,"Open Area, Park Or Parking Lot",1
2021,2021-06-27,Religion,"House (Townhouse, Retirement Home, Garage, Vehicle, Cottage)",0
2021,2021-06-28,Gender,"Apartment Building (Condo, Retirement Buidling, Etc.)",1
2021,2021-06-28,Race,"House (Townhouse, Retirement Home, Garage, Vehicle, Cottage)",0
2021,2021-06-30,Religion,Religious Place Of Worship/Cultural Centre,0
2021,2021-06-30,Ethnicity,"Open Area, Park Or Parking Lot",1
2021,2021-07-01,Race,"House (Townhouse, Retirement Home, Garage, Vehicle, Cottage)",0
2021,2021-07-02,Religion,Streets/Roadways/Highway,0
2021,2021-07-03,Religion,Public Transportation,0
2021,2021-07-05,Race,Public Transportation,0
2021,2021-07-06,Religion,"Open Area, Park Or Parking Lot",1
2021,2021-07-10,Religion,"Medical Facility (Hospitals, Long-Term Care, Etc.)",0
2021,2021-07-10,Religion,Streets/Roadways/Highway,1
2021,2021-07-11,Race,Public Transportation,1
2021,2021-07-12,Ethnicity,Streets/Roadways/Highway,0
2021,2021-07-13,Race,Public Transportation,0
2021,2021-07-13,Gender,Government Building,1
2021,2021-07-17,Sexual Orientation,"House (Townhouse, Retirement Home, Garage, Vehicle, Cottage)",0
2021,2021-07-18,Race,Streets/Roadways/Highway,0
2021,2021-07-19,Ethnicity,Public Transportation,1
2021,2021-07-22,Race,"Open Area, Park Or Parking Lot",0
2021,2021-07-22,Race,Public Transportation,0
2021,2021-07-26,Religion,Streets/Roadways/Highway,0
2021,2021-07-26,Race,Other Commercial / Corporate Places,1
2021,2021-07-28,Religion,Streets/Roadways/Highway,0
2021,2021-07-28,Religion,Other Commercial / Corporate Places,1
2021,2021-07-29,Race,Business/Retail,0
2021,2021-08-04,Religion,"Apartment Building (Condo, Retirement Buidling, Etc.)",0
2021,2021-08-09,Race,Streets/Roadways/Highway,1
2021,2021-08-09,Race,"Apartment Building (Condo, Retirement Buidling, Etc.)",0
2021,2021-08-11,Ethnicity,Public Transportation,1
2021,2021-08-12,Race,Streets/Roadways/Highway,0
2021,2021-08-15,Race,Streets/Roadways/Highway,1
2021,2021-08-17,Religion,Religious Place Of Worship/Cultural Centre,1
2021,2021-08-18,Religion,Religious Place Of Worship/Cultural Centre,0
2021,2021-08-20,Religion,Other Commercial / Corporate Places,0
2021,2021-08-26,Ethnicity,"Apartment Building (Condo, Retirement Buidling, Etc.)",0
2021,2021-08-30,Sexual Orientation,"Apartment Building (Condo, Retirement Buidling, Etc.)",0
2021,2021-08-31,Religion,Religious Place Of Worship/Cultural Centre,1
2021,2021-09-01,Race,Streets/Roadways/Highway,1
2021,2021-09-03,Sexual Orientation,Streets/Roadways/Highway,0
2021,2021-09-03,Sexual Orientation,"Open Area, Park Or Parking Lot",0
2021,2021-09-10,Ethnicity,"Government Building (Courthouse, Museums, Parliament Building, Etc.)",1
2021,2021-09-11,Religion,Streets/Roadways/Highway,0
2021,2021-09-11,Religion,Other Commercial / Corporate Places,0
2021,2021-09-11,Religion,"House (Townhouse, Retirement Home, Garage, Vehicle, Cottage)",0
2021,2021-09-11,Religion,Business/Retail,0
2021,2021-09-11,Religion,Public Transportation,1
2021,2021-09-13,Religion,"Apartment Building (Condo, Retirement Buidling, Etc.)",1
2021,2021-09-13,Religion,"Educational Institution (Universities, Colleges, Schools, Etc.)",0
2021,2021-09-14,Religion,"Educational Institution (Universities, Colleges, Schools, Etc.)",0
2021,2021-09-14,Race,"Educational Institution (Universities, Colleges, Schools, Etc.)",0
2021,2021-09-15,Religion,"Open Area, Park Or Parking Lot",1
2021,2021-09-16,Ethnicity,Streets/Roadways/Highway,1
2021,2021-09-17,Race,Other Commercial / Corporate Places,1
2021,2021-09-18,Sexual Orientation,"Apartment Building (Condo, Retirement Buidling, Etc.)",0
2021,2021-09-18,Religion,"Apartment Building (Condo, Retirement Buidling, Etc.)",0
2021,2021-09-20,Sexual Orientation,Public Transportation,0
2021,2021-09-21,Race,"Educational Institution (Universities, Colleges, Schools, Etc.)",0
2021,2021-09-21,Religion,"Educational Institution (Universities, Colleges, Schools, Etc.)",0
2021,2021-09-23,Race,Public Transportation,0
2021,2021-09-24,Gender,"Apartment Building (Condo, Retirement Buidling, Etc.)",0
2021,2021-09-26,Race,Other Commercial / Corporate Places,0
2021,2021-09-26,Race,Streets/Roadways/Highway,0
2021,2021-09-27,Religion,"Apartment Building (Condo, Retirement Buidling, Etc.)",0
2021,2021-09-28,Race,Streets/Roadways/Highway,1
2021,2021-09-29,Sexual Orientation,Streets/Roadways/Highway,0
2021,2021-09-30,Race,Streets/Roadways/Highway,0
2021,2021-10-01,Religion,Other Commercial / Corporate Places,0
2021,2021-10-02,Ethnicity,Streets/Roadways/Highway,1
2021,2021-10-05,Sexual Orientation,Streets/Roadways/Highway,0
2021,2021-10-05,Race,"House (Townhouse, Retirement Home, Garage, Vehicle, Cottage)",0
2021,2021-10-06,Race,Other Commercial / Corporate Places,0
2021,2021-10-06,Race,Streets/Roadways/Highway,0
2021,2021-10-07,Religion,"Educational Institution (Universities, Colleges, Schools, Etc.)",0
2021,2021-10-08,Sexual Orientation,"Open Area, Park Or Parking Lot",1
2021,2021-10-08,Race,Streets/Roadways/Highway,0
2021,2021-10-10,Race,Other Commercial / Corporate Places,0
2021,2021-10-11,Race,Streets/Roadways/Highway,0
2021,2021-10-12,Religion,"Educational Institution (Universities, Colleges, Schools, Etc.)",1
2021,2021-10-12,Sexual Orientation,"Educational Institution (Universities, Colleges, Schools, Etc.)",0
2021,2021-10-15,Ethnicity,Other Commercial / Corporate Places,0
2021,2021-10-17,Race,"Open Area, Park Or Parking Lot",0
2021,2021-10-18,Race,Public Transportation,1
2021,2021-10-20,Race,"Educational Institution (Universities, Colleges, Schools, Etc.)",0
2021,2021-10-21,Religion,"Educational Institution (Universities, Colleges, Schools, Etc.)",0
2021,2021-10-25,Gender,"Apartment Building (Condo, Retirement Buidling, Etc.)",1
2021,2021-10-28,Religion,Public Transportation,0
2021,2021-10-29,Ethnicity,"Apartment Building (Condo, Retirement Buidling, Etc.)",0
2021,2021-10-31,Sexual Orientation,"Open Area, Park Or Parking Lot",0
2021,2021-11-03,Ethnicity,Streets/Roadways/Highway,1
2021,2021-11-03,Race,"House (Townhouse, Retirement Home, Garage, Vehicle, Cottage)",0
2021,2021-11-06,Race,"Educational Institution (Universities, Colleges, Schools, Etc.)",0
2021,2021-11-07,Religion,"Educational Institution (Universities, Colleges, Schools, Etc.)",0
2021,2021-11-08,Religion,"Educational Institution (Universities, Colleges, Schools, Etc.)",0
2021,2021-11-09,Religion,Religious Place Of Worship/Cultural Centre,1
2021,2021-11-10,Religion,"Educational Institution (Universities, Colleges, Schools, Etc.)",0
2021,2021-11-11,Race,"House (Townhouse, Retirement Home, Garage, Vehicle, Cottage)",1
2021,2021-11-14,Religion,"Apartment Building (Condo, Retirement Buidling, Etc.)",0
2021,2021-11-14,Race,"Open Area, Park Or Parking Lot",0
2021,2021-11-15,Race,"Apartment Building (Condo, Retirement Buidling, Etc.)",1
2021,2021-11-15,Sexual Orientation,"Apartment Building (Condo, Retirement Buidling, Etc.)",0
2021,2021-11-20,Religion,"Government Building (Courthouse, Museums, Parliament Building, Etc.)",0
2021,2021-11-23,Religion,"Educational Institution (Universities, Colleges, Schools, Etc.)",0
2021,2021-11-24,Religion,Other Commercial / Corporate Places,0
2021,2021-11-24,Race,Streets/Roadways/Highway,0
2021,2021-11-25,Race,"Educational Institution (Universities, Colleges, Schools, Etc.)",0
2021,2021-11-30,Religion,"Educational Institution (Universities, Colleges, Schools, Etc.)",0
2021,2021-12-03,Gender,Streets/Roadways/Highway,0
2021,2021-12-03,Race,"Educational Institution (Universities, Colleges, Schools, Etc.)",0
2021,2021-12-06,Race,"Apartment Building (Condo, Retirement Buidling, Etc.)",1
2021,2021-12-07,Religion,Public Transportation,0
2021,2021-12-07,Religion,Streets/Roadways/Highway,0
2021,2021-12-08,Race,"Educational Institution (Universities, Colleges, Schools, Etc.)",0
2021,2021-12-12,Race,"Educational Institution (Universities, Colleges, Schools, Etc.)",0
2021,2021-12-15,Race,Public Transportation,0
2021,2021-12-16,Race,"Apartment Building (Condo, Retirement Buidling, Etc.)",0
2021,2021-12-30,Religion,Other Commercial / Corporate Places,0
2022,2022-01-01,Religion,Other Commercial / Corporate Places,0
2022,2022-01-01,Race,Business/Retail,0
2022,2022-01-02,Religion,"Educational Institution (Universities, Colleges, Schools, Etc.)",0
2022,2022-01-03,Gender,Public Transportation,0
2022,2022-01-03,Race,Public Transportation,0
2022,2022-01-06,Race,Public Transportation,0
2022,2022-01-08,Race,"Apartment Building (Condo, Retirement Buidling, Etc.)",0
2022,2022-01-09,Race,"Apartment Building (Condo, Retirement Buidling, Etc.)",0
2022,2022-01-11,Race,Public Transportation,0
2022,2022-01-18,Religion,"Apartment Building (Condo, Retirement Buidling, Etc.)",1
2022,2022-01-21,Religion,"Educational Institution (Universities, Colleges, Schools, Etc.)",0
2022,2022-01-23,Race,Streets/Roadways/Highway,1
2022,2022-01-25,Race,"Educational Institution (Universities, Colleges, Schools, Etc.)",0
2022,2022-01-27,Ethnicity,Public Transportation,0
2022,2022-01-27,Ethnicity,Public Transportation,1
2022,2022-01-28,Race,Streets/Roadways/Highway,0
2022,2022-01-31,Race,Public Transportation,0
2022,2022-02-03,Race,Religious Place Of Worship/Cultural Centre,0
2022,2022-02-03,Race,"Educational Institution (Universities, Colleges, Schools, Etc.)",0
2022,2022-02-05,Religion,Streets/Roadways/Highway,0
2022,2022-02-06,Religion,"Apartment Building (Condo, Retirement Buidling, Etc.)",0
2022,2022-02-07,Ethnicity,Other Commercial / Corporate Places,1
2022,2022-02-07,Race,"Educational Institution (Universities, Colleges, Schools, Etc.)",0
2022,2022-02-08,Race,"Educational Institution (Universities, Colleges, Schools, Etc.)",0
2022,2022-02-09,Sexual Orientation,"Apartment Building (Condo, Retirement Buidling, Etc.)",1
2022,2022-02-09,Race,"Educational Institution (Universities, Colleges, Schools, Etc.)",0
2022,2022-02-10,Race,"Apartment Building (Condo, Retirement Buidling, Etc.)",0
2022,2022-02-12,Race,Streets/Roadways/Highway,0
2022,2022-02-15,Race,"Educational Institution (Universities, Colleges, Schools, Etc.)",0
2022,2022-02-21,Race,"Educational Institution (Universities, Colleges, Schools, Etc.)",0
2022,2022-02-23,Religion,"Apartment Building (Condo, Retirement Buidling, Etc.)",0
2022,2022-02-23,Race,Non-Commercial/Non For Profit,0
2022,2022-02-23,Religion,Business/Retail,0
2022,2022-02-24,Ethnicity,Business/Retail,1
2022,2022-02-24,Gender,"House (Townhouse, Retirement Home, Garage, Vehicle, Cottage)",0
2022,2022-02-25,Ethnicity,"House (Townhouse, Retirement Home, Garage, Vehicle, Cottage)",0
2022,2022-02-26,Ethnicity,"Open Area, Park Or Parking Lot",1
2022,2022-02-28,Religion,"Educational Institution (Universities, Colleges, Schools, Etc.)",0
2022,2022-02-28,Ethnicity,"Government Building (Courthouse, Museums, Parliament Building, Etc.)",0
2022,2022-02-28,Religion,Other Commercial / Corporate Places,0
2022,2022-03-01,Religion,"Educational Institution (Universities, Colleges, Schools, Etc.)",0
2022,2022-03-01,Religion,Streets/Roadways/Highway,1
2022,2022-03-01,Ethnicity,"House (Townhouse, Retirement Home, Garage, Vehicle, Cottage)",0
2022,2022-03-01,Race,"Educational Institution (Universities, Colleges, Schools, Etc.)",0
2022,2022-03-02,Religion,"Educational Institution (Universities, Colleges, Schools, Etc.)",0
2022,2022-03-03,Religion,"Educational Institution (Universities, Colleges, Schools, Etc.)",0
2022,2022-03-04,Ethnicity,Other Commercial / Corporate Places,1
2022,2022-03-04,Race,Public Transportation,0
2022,2022-03-04,Race,"Educational Institution (Universities, Colleges, Schools, Etc.)",0
2022,2022-03-05,Religion,"Open Area, Park Or Parking Lot",0
2022,2022-03-05,Ethnicity,"Open Area, Park Or Parking Lot",0
2022,2022-03-06,Religion,Religious Place Of Worship/Cultural Centre,0
2022,2022-03-06,Race,"Open Area, Park Or Parking Lot",0
2022,2022-03-06,Ethnicity,Other Commercial / Corporate Places,1
2022,2022-03-07,Race,Public Transportation,0
2022,2022-03-08,Religion,"Educational Institution (Universities, Colleges, Schools, Etc.)",0
2022,2022-03-09,Sexual Orientation,"Apartment Building (Condo, Retirement Buidling, Etc.)",1
2022,2022-03-10,Religion,"Educational Institution (Universities, Colleges, Schools, Etc.)",0
2022,2022-03-11,Religion,Public Transportation,0
2022,2022-03-13,Religion,"Open Area, Park Or Parking Lot",0
2022,2022-03-14,Race,Streets/Roadways/Highway,0
2022,2022-03-14,Ethnicity,"Open Area, Park Or Parking Lot",0
2022,2022-03-15,Race,Public Transportation,0
2022,2022-03-16,Race,Streets/Roadways/Highway,0
2022,2022-03-16,Religion,"Educational Institution (Universities, Colleges, Schools, Etc.)",0
2022,2022-03-16,Race,"Educational Institution (Universities, Colleges, Schools, Etc.)",0
2022,2022-03-18,Race,"Open Area, Park Or Parking Lot",0
2022,2022-03-18,Race,Streets/Roadways/Highway,0
2022,2022-03-31,Ethnicity,Streets/Roadways/Highway,1
2022,2022-04-04,Ethnicity,Streets/Roadways/Highway,0
2022,2022-04-05,Gender,"Educational Institution (Universities, Colleges, Schools, Etc.)",0
2022,2022-04-06,Race,Public Transportation,0
2022,2022-04-07,Gender,"Educational Institution (Universities, Colleges, Schools, Etc.)",1
2022,2022-04-07,Ethnicity,Public Transportation,0
2022,2022-04-08,Religion,"Apartment Building (Condo, Retirement Buidling, Etc.)",0
2022,2022-04-10,Religion,"Apartment Building (Condo, Retirement Buidling, Etc.)",0
2022,2022-04-12,Race,"House (Townhouse, Retirement Home, Garage, Vehicle, Cottage)",0
2022,2022-04-13,Ethnicity,Streets/Roadways/Highway,0
2022,2022-04-14,Race,"Educational Institution (Universities, Colleges, Schools, Etc.)",1
2022,2022-04-16,Ethnicity,Streets/Roadways/Highway,1
2022,2022-04-18,Religion,"Apartment Building (Condo, Retirement Buidling, Etc.)",0
2022,2022-04-20,Race,Other Commercial / Corporate Places,0
2022,2022-04-21,Religion,"Educational Institution (Universities, Colleges, Schools, Etc.)",0
2022,2022-04-29,Religion,"Educational Institution (Universities, Colleges, Schools, Etc.)",0
2022,2022-04-29,Race,"Educational Institution (Universities, Colleges, Schools, Etc.)",0
2022,2022-04-30,Race,"Educational Institution (Universities, Colleges, Schools, Etc.)",0
2022,2022-05-01,Race,"Educational Institution (Universities, Colleges, Schools, Etc.)",0
2022,2022-05-01,Religion,"Open Area, Park Or Parking Lot",0
2022,2022-05-03,Race,Public Transportation,0
2022,2022-05-08,Religion,"Government Building (Courthouse, Museums, Parliament Building, Etc.)",1
2022,2022-05-11,Race,Public Transportation,0
2022,2022-05-12,Religion,"Educational Institution (Universities, Colleges, Schools, Etc.)",0
2022,2022-05-12,Race,"Educational Institution (Universities, Colleges, Schools, Etc.)",0
2022,2022-05-12,Religion,Public Transportation,0
2022,2022-05-13,Gender,Other Commercial / Corporate Places,0
2022,2022-05-13,Religion,Public Transportation,0
2022,2022-05-16,Race,Public Transportation,0
2022,2022-05-17,Religion,"Educational Institution (Universities, Colleges, Schools, Etc.)",0
2022,2022-05-18,Sexual Orientation,Religious Place Of Worship/Cultural Centre,0
2022,2022-05-18,Religion,"Educational Institution (Universities, Colleges, Schools, Etc.)",0
2022,2022-05-19,Sexual Orientation,Other Commercial / Corporate Places,0
2022,2022-05-20,Race,Public Transportation,0
2022,2022-05-21,Religion,"Open Area, Park Or Parking Lot",0
2022,2022-05-21,Sexual Orientation,"Open Area, Park Or Parking Lot",0
2022,2022-05-25,Religion,"Educational Institution (Universities, Colleges, Schools, Etc.)",1
2022,2022-05-27,Religion,"Educational Institution (Universities, Colleges, Schools, Etc.)",0
2022,2022-05-30,Race,Other Commercial / Corporate Places,1
2022,2022-05-31,Sexual Orientation,"Apartment Building (Condo, Retirement Buidling, Etc.)",0
2022,2022-06-01,Sexual Orientation,Streets/Roadways/Highway,0
2022,2022-06-02,Religion,"Educational Institution (Universities, Colleges, Schools, Etc.)",1
2022,2022-06-02,Race,"Educational Institution (Universities, Colleges, Schools, Etc.)",0
2022,2022-06-06,Religion,"Educational Institution (Universities, Colleges, Schools, Etc.)",1
2022,2022-06-06,Sexual Orientation,Business/Retail,0
2022,2022-06-07,Sexual Orientation,"House (Townhouse, Retirement Home, Garage, Vehicle, Cottage)",0
2022,2022-06-12,Race,Streets/Roadways/Highway,1
2022,2022-06-12,Sexual Orientation,Streets/Roadways/Highway,1
2022,2022-06-15,Sexual Orientation,Streets/Roadways/Highway,0
2022,2022-06-17,Race,"Educational Institution (Universities, Colleges, Schools, Etc.)",0
2022,2022-06-17,Race,"Open Area, Park Or Parking Lot",0
2022,2022-06-17,Gender,Public Transportation,1
2022,2022-06-20,Race,"Educational Institution (Universities, Colleges, Schools, Etc.)",0
2022,2022-06-20,Race,Streets/Roadways/Highway,0
2022,2022-06-22,Ethnicity,"Apartment Building (Condo, Retirement Buidling, Etc.)",1
2022,2022-06-22,Race,Streets/Roadways/Highway,1
2022,2022-06-24,Race,"Apartment Building (Condo, Retirement Buidling, Etc.)",0
2022,2022-06-24,Religion,Other Commercial / Corporate Places,0
2022,2022-06-24,Sexual Orientation,Streets/Roadways/Highway,0
2022,2022-06-26,Gender,"Medical Facility (Hospitals, Long-Term Care, Etc.)",1
2022,2022-06-29,Race,Streets/Roadways/Highway,0
2022,2022-06-30,Religion,"House (Townhouse, Retirement Home, Garage, Vehicle, Cottage)",1
2022,2022-06-30,Race,"Government Building (Courthouse, Museums, Parliament Building, Etc.)",0
2022,2022-07-01,Sexual Orientation,"House (Townhouse, Retirement Home, Garage, Vehicle, Cottage)",0
2022,2022-07-01,Race,Streets/Roadways/Highway,0
2022,2022-07-02,Race,Streets/Roadways/Highway,0
2022,2022-07-09,Race,"Open Area, Park Or Parking Lot",0
2022,2022-07-10,Sexual Orientation,Streets/Roadways/Highway,0
2022,2022-07-10,Religion,"Open Area, Park Or Parking Lot",0
2022,2022-07-10,Race,"Educational Institution (Universities, Colleges, Schools, Etc.)",0
2022,2022-07-13,Religion,Other Commercial / Corporate Places,1
2022,2022-07-15,Race,Public Transportation,0
2022,2022-07-19,Language,Other Commercial / Corporate Places,0
2022,2022-07-21,Sexual Orientation,"Open Area, Park Or Parking Lot",0
2022,2022-07-28,Race,Streets/Roadways/Highway,0
2022,2022-07-30,Ethnicity,Streets/Roadways/Highway,0
2022,2022-07-30,Religion,Streets/Roadways/Highway,0
2022,2022-08-12,Religion,Other Commercial / Corporate Places,0
2022,2022-08-12,Race,"Open Area, Park Or Parking Lot",0
2022,2022-08-13,Gender,"House (Townhouse, Retirement Home, Garage, Vehicle, Cottage)",0
2022,2022-08-15,Race,"Open Area, Park Or Parking Lot",0
2022,2022-08-16,Religion,"Educational Institution (Universities, Colleges, Schools, Etc.)",0
2022,2022-08-17,Religion,Streets/Roadways/Highway,0
2022,2022-08-19,Religion,Religious Place Of Worship/Cultural Centre,0
2022,2022-08-20,Ethnicity,Streets/Roadways/Highway,0
2022,2022-08-27,Sexual Orientation,"Open Area, Park Or Parking Lot",1
2022,2022-08-27,Race,Streets/Roadways/Highway,0
2022,2022-08-28,Race,Streets/Roadways/Highway,0
2022,2022-08-29,Religion,"Educational Institution (Universities, Colleges, Schools, Etc.)",0
2022,2022-09-01,Race,Streets/Roadways/Highway,1
2022,2022-09-02,Religion,"Apartment Building (Condo, Retirement Buidling, Etc.)",0
2022,2022-09-07,Race,"Medical Facility (Hospitals, Long-Term Care, Etc.)",0
2022,2022-09-07,Race,"Apartment Building (Condo, Retirement Buidling, Etc.)",1
2022,2022-09-07,Sexual Orientation,"Open Area, Park Or Parking Lot",0
2022,2022-09-08,Race,"Open Area, Park Or Parking Lot",0
2022,2022-09-10,Sexual Orientation,Streets/Roadways/Highway,0
2022,2022-09-13,Sexual Orientation,Streets/Roadways/Highway,0
2022,2022-09-15,Religion,"Educational Institution (Universities, Colleges, Schools, Etc.)",0
2022,2022-09-16,Religion,"Open Area, Park Or Parking Lot",0
2022,2022-09-17,Gender,Streets/Roadways/Highway,0
2022,2022-09-20,Sexual Orientation,"House (Townhouse, Retirement Home, Garage, Vehicle, Cottage)",0
2022,2022-09-20,Sexual Orientation,"House (Townhouse, Retirement Home, Garage, Vehicle, Cottage)",1
2022,2022-09-22,Race,"Apartment Building (Condo, Retirement Buidling, Etc.)",1
2022,2022-09-23,Religion,"Educational Institution (Universities, Colleges, Schools, Etc.)",0
2022,2022-09-23,Ethnicity,Streets/Roadways/Highway,0
2022,2022-09-24,Religion,Streets/Roadways/Highway,1
2022,2022-09-26,Gender,Streets/Roadways/Highway,0
2022,2022-09-30,Religion,"Educational Institution (Universities, Colleges, Schools, Etc.)",0
2022,2022-09-30,Religion,"House (Townhouse, Retirement Home, Garage, Vehicle, Cottage)",0
2022,2022-09-30,Gender,Streets/Roadways/Highway,1
2022,2022-10-01,Gender,Streets/Roadways/Highway,0
2022,2022-10-03,Race,"Educational Institution (Universities, Colleges, Schools, Etc.)",0
2022,2022-10-07,Religion,"Educational Institution (Universities, Colleges, Schools, Etc.)",0
2022,2022-10-09,Race,Streets/Roadways/Highway,0
2022,2022-10-12,Ethnicity,Public Transportation,0
2022,2022-10-12,Religion,"House (Townhouse, Retirement Home, Garage, Vehicle, Cottage)",0
2022,2022-10-13,Religion,"Educational Institution (Universities, Colleges, Schools, Etc.)",0
2022,2022-10-17,Religion,Streets/Roadways/Highway,1
2022,2022-10-18,Religion,"Open Area, Park Or Parking Lot",0
2022,2022-10-20,Religion,Streets/Roadways/Highway,0
2022,2022-10-22,Ethnicity,Streets/Roadways/Highway,0
2022,2022-10-22,Ethnicity,Public Transportation,0
2022,2022-10-22,Sexual Orientation,"House (Townhouse, Retirement Home, Garage, Vehicle, Cottage)",0
2022,2022-10-23,Race,"Open Area, Park Or Parking Lot",0
2022,2022-10-24,Religion,"Educational Institution (Universities, Colleges, Schools, Etc.)",0
2022,2022-10-24,Race,Streets/Roadways/Highway,0
2022,2022-10-26,Religion,Other Commercial / Corporate Places,1
2022,2022-10-30,Ethnicity,Streets/Roadways/Highway,0
2022,2022-10-31,Race,"Apartment Building (Condo, Retirement Buidling, Etc.)",1
2022,2022-10-31,Gender,"Apartment Building (Condo, Retirement Buidling, Etc.)",1
2022,2022-11-01,Race,Public Transportation,1
2022,2022-11-03,Religion,"Educational Institution (Universities, Colleges, Schools, Etc.)",0
2022,2022-11-03,Race,Streets/Roadways/Highway,0
2022,2022-11-05,Religion,Streets/Roadways/Highway,0
2022,2022-11-06,Race,Religious Place Of Worship/Cultural Centre,0
2022,2022-11-07,Religion,"Educational Institution (Universities, Colleges, Schools, Etc.)",0
2022,2022-11-07,Sexual Orientation,"Apartment Building (Condo, Retirement Buidling, Etc.)",0
2022,2022-11-09,Gender,Public Transportation,0
2022,2022-11-11,Sexual Orientation,"Open Area, Park Or Parking Lot",0
2022,2022-11-12,Sexual Orientation,"Apartment Building (Condo, Retirement Buidling, Etc.)",0
2022,2022-11-13,Race,Streets/Roadways/Highway,1
2022,2022-11-14,Race,Public Transportation,1
2022,2022-11-16,Race,Streets/Roadways/Highway,0
2022,2022-11-24,Race,"Government Building (Courthouse, Museums, Parliament Building, Etc.)",0
2022,2022-11-27,Sexual Orientation,"House (Townhouse, Retirement Home, Garage, Vehicle, Cottage)",0
2022,2022-11-28,Religion,"Open Area, Park Or Parking Lot",0
2022,2022-12-01,Race,Public Transportation,1
2022,2022-12-04,Race,Streets/Roadways/Highway,0
2022,2022-12-05,Religion,Other Commercial / Corporate Places,1
2022,2022-12-06,Sexual Orientation,"Apartment Building (Condo, Retirement Buidling, Etc.)",0
2022,2022-12-09,Religion,Religious Place Of Worship/Cultural Centre,0
2022,2022-12-09,Religion,Streets/Roadways/Highway,0
2022,2022-12-11,Race,Streets/Roadways/Highway,0
2022,2022-12-12,Religion,"Educational Institution (Universities, Colleges, Schools, Etc.)",0
2022,2022-12-16,Religion,Other Commercial / Corporate Places,0
2022,2022-12-20,Race,Other Commercial / Corporate Places,0
2022,2022-12-21,Race,Non-Commercial/Non For Profit,0
2022,2022-12-21,Sexual Orientation,Public Transportation,0
2022,2022-12-22,Religion,"Apartment Building (Condo, Retirement Buidling, Etc.)",0
2022,2022-12-23,Religion,Other Commercial / Corporate Places,1
2022,2022-12-23,Religion,"Educational Institution (Universities, Colleges, Schools, Etc.)",0
2022,2022-12-25,Religion,"House (Townhouse, Retirement Home, Garage, Vehicle, Cottage)",0
2022,2022-12-28,Ethnicity,Public Transportation,1
2022,2022-12-30,Religion,Streets/Roadways/Highway,0
2023,2023-01-01,Race,"Open Area, Park Or Parking Lot",0
2023,2023-01-01,Ethnicity,Public Transportation,0
2023,2023-01-02,Religion,Public Transportation,0
2023,2023-01-02,Race,Streets/Roadways/Highway,0
2023,2023-01-03,Religion,Streets/Roadways/Highway,0
2023,2023-01-14,Sexual Orientation,"House (Townhouse, Retirement Home, Garage, Vehicle, Cottage)",0
2023,2023-01-15,Religion,Streets/Roadways/Highway,0
2023,2023-01-17,Religion,"Educational Institution (Universities, Colleges, Schools, Etc.)",0
2023,2023-01-18,Religion,Religious Place Of Worship/Cultural Centre,0
2023,2023-01-18,Religion,Public Transportation,1
2023,2023-01-27,Ethnicity,Other Commercial / Corporate Places,0
2023,2023-01-28,Religion,Other Commercial / Corporate Places,0
2023,2023-01-28,Race,"Apartment Building (Condo, Retirement Buidling, Etc.)",0
2023,2023-01-29,Race,Public Transportation,1
2023,2023-01-30,Religion,"Apartment Building (Condo, Retirement Buidling, Etc.)",1
2023,2023-02-03,Religion,Other Commercial / Corporate Places,0
2023,2023-02-03,Sexual Orientation,"Apartment Building (Condo, Retirement Buidling, Etc.)",0
2023,2023-02-04,Ethnicity,"House (Townhouse, Retirement Home, Garage, Vehicle, Cottage)",0
2023,2023-02-07,Religion,Public Transportation,0
2023,2023-02-08,Race,Public Transportation,1
2023,2023-02-08,Religion,Streets/Roadways/Highway,0
2023,2023-02-11,Ethnicity,"Apartment Building (Condo, Retirement Buidling, Etc.)",0
2023,2023-02-12,Race,Public Transportation,1
2023,2023-02-12,Religion,"Open Area, Park Or Parking Lot",0
2023,2023-02-13,Race,"Educational Institution (Universities, Colleges, Schools, Etc.)",0
2023,2023-02-15,Religion,"Apartment Building (Condo, Retirement Buidling, Etc.)",0
2023,2023-02-15,Race,"Educational Institution (Universities, Colleges, Schools, Etc.)",0
2023,2023-02-18,Race,"Open Area, Park Or Parking Lot",1
2023,2023-02-20,Religion,"Apartment Building (Condo, Retirement Buidling, Etc.)",1
2023,2023-02-21,Religion,Public Transportation,0
2023,2023-02-23,Religion,Other Commercial / Corporate Places,0
2023,2023-02-25,Race,Business/Retail,1
2023,2023-03-01,Religion,"Educational Institution (Universities, Colleges, Schools, Etc.)",0
2023,2023-03-01,Ethnicity,Other Commercial / Corporate Places,1
2023,2023-03-03,Race,Business/Retail,0
2023,2023-03-06,Race,Public Transportation,0
2023,2023-03-09,Religion,Public Transportation,1
2023,2023-03-10,Race,Streets/Roadways/Highway,1
2023,2023-03-10,Race,"Open Area, Park Or Parking Lot",0
2023,2023-03-10,Religion,"Educational Institution (Universities, Colleges, Schools, Etc.)",0
2023,2023-03-12,Sexual Orientation,Public Transportation,0
2023,2023-03-13,Religion,Other Commercial / Corporate Places,0
2023,2023-03-14,Sexual Orientation,Public Transportation,0
2023,2023-03-14,Ethnicity,Business/Retail,1
2023,2023-03-16,Race,"Apartment Building (Condo, Retirement Buidling, Etc.)",0
2023,2023-03-19,Ethnicity,Religious Place Of Worship/Cultural Centre,0
2023,2023-03-20,Ethnicity,"Apartment Building (Condo, Retirement Buidling, Etc.)",0
2023,2023-03-21,Race,Other Commercial / Corporate Places,0
2023,2023-03-22,Religion,"Educational Institution (Universities, Colleges, Schools, Etc.)",0
2023,2023-03-22,Race,"Educational Institution (Universities, Colleges, Schools, Etc.)",0
2023,2023-03-24,Race,Public Transportation,0
2023,2023-03-27,Religion,"Educational Institution (Universities, Colleges, Schools, Etc.)",0
2023,2023-03-28,Religion,"Educational Institution (Universities, Colleges, Schools, Etc.)",0
2023,2023-03-29,Religion,Religious Place Of Worship/Cultural Centre,0
2023,2023-03-29,Religion,"Educational Institution (Universities, Colleges, Schools, Etc.)",0
2023,2023-03-30,Sexual Orientation,"Educational Institution (Universities, Colleges, Schools, Etc.)",0
2023,2023-03-31,Ethnicity,Streets/Roadways/Highway,0
2023,2023-04-02,Sexual Orientation,"House (Townhouse, Retirement Home, Garage, Vehicle, Cottage)",0
2023,2023-04-03,Race,"Educational Institution (Universities, Colleges, Schools, Etc.)",0
2023,2023-04-03,Gender,"Apartment Building (Condo, Retirement Buidling, Etc.)",0
2023,2023-04-04,Religion,"Apartment Building (Condo, Retirement Buidling, Etc.)",0
2023,2023-04-05,Race,"Educational Institution (Universities, Colleges, Schools, Etc.)",0
2023,2023-04-05,Religion,Business/Retail,0
2023,2023-04-05,Religion,Public Transportation,0
2023,2023-04-05,Religion,"Government Building (Courthouse, Museums, Parliament Building, Etc.)",0
2023,2023-04-06,Religion,Religious Place Of Worship/Cultural Centre,1
2023,2023-04-06,Religion,Other Commercial / Corporate Places,1
2023,2023-04-06,Religion,Streets/Roadways/Highway,0
2023,2023-04-10,Race,Streets/Roadways/Highway,0
2023,2023-04-11,Race,"Educational Institution (Universities, Colleges, Schools, Etc.)",0
2023,2023-04-12,Religion,"House (Townhouse, Retirement Home, Garage, Vehicle, Cottage)",0
2023,2023-04-13,Race,Streets/Roadways/Highway,0
2023,2023-04-13,Religion,Streets/Roadways/Highway,0
2023,2023-04-14,Sexual Orientation,Business/Retail,0
2023,2023-04-14,Sexual Orientation,"Apartment Building (Condo, Retirement Buidling, Etc.)",0
2023,2023-04-14,Race,Streets/Roadways/Highway,1
2023,2023-04-14,Ethnicity,"Open Area, Park Or Parking Lot",1
2023,2023-04-15,Religion,Public Transportation,0
2023,2023-04-17,Race,Other Commercial / Corporate Places,0
2023,2023-04-18,Religion,"Educational Institution (Universities, Colleges, Schools, Etc.)",0
2023,2023-04-18,Race,"Government Building (Courthouse, Museums, Parliament Building, Etc.)",0
2023,2023-04-20,Religion,"Educational Institution (Universities, Colleges, Schools, Etc.)",0
2023,2023-04-20,Race,Other Commercial / Corporate Places,1
2023,2023-04-20,Race,Streets/Roadways/Highway,0
2023,2023-04-21,Religion,"Educational Institution (Universities, Colleges, Schools, Etc.)",0
2023,2023-04-22,Ethnicity,"House (Townhouse, Retirement Home, Garage, Vehicle, Cottage)",0
2023,2023-04-24,Race,"Apartment Building (Condo, Retirement Buidling, Etc.)",0
2023,2023-04-25,Race,Other Commercial / Corporate Places,0
2023,2023-04-26,Sexual Orientation,"Open Area, Park Or Parking Lot",0
2023,2023-04-27,Religion,"Educational Institution (Universities, Colleges, Schools, Etc.)",0
2023,2023-05-01,Race,"Apartment Building (Condo, Retirement Buidling, Etc.)",1
2023,2023-05-04,Religion,"Educational Institution (Universities, Colleges, Schools, Etc.)",0
2023,2023-05-06,Race,"Apartment Building (Condo, Retirement Buidling, Etc.)",0
2023,2023-05-08,Sexual Orientation,"Educational Institution (Universities, Colleges, Schools, Etc.)",0
2023,2023-05-09,Religion,"Apartment Building (Condo, Retirement Buidling, Etc.)",0
2023,2023-05-09,Race,Other Commercial / Corporate Places,0
2023,2023-05-10,Sexual Orientation,"House (Townhouse, Retirement Home, Garage, Vehicle, Cottage)",1
2023,2023-05-13,Religion,Public Transportation,0
2023,2023-05-14,Religion,Streets/Roadways/Highway,1
2023,2023-05-15,Religion,"Educational Institution (Universities, Colleges, Schools, Etc.)",0
2023,2023-05-16,Religion,"Educational Institution (Universities, Colleges, Schools, Etc.)",0
2023,2023-05-16,Race,"Educational Institution (Universities, Colleges, Schools, Etc.)",0
2023,2023-05-17,Religion,"Medical Facility (Hospitals, Long-Term Care, Etc.)",0
2023,2023-05-17,Age,Public Transportation,0
2023,2023-05-18,Religion,Public Transportation,0
2023,2023-05-22,Religion,"House (Townhouse, Retirement Home, Garage, Vehicle, Cottage)",0
2023,2023-05-22,Religion,Streets/Roadways/Highway,0
2023,2023-05-22,Religion,"Educational Institution (Universities, Colleges, Schools, Etc.)",0
2023,2023-05-23,Religion,Public Transportation,0
2023,2023-05-23,Race,Streets/Roadways/Highway,0
2023,2023-05-24,Religion,"Open Area, Park Or Parking Lot",0
2023,2023-05-25,Race,Streets/Roadways/Highway,0
2023,2023-05-25,Race,"Educational Institution (Universities, Colleges, Schools, Etc.)",0
2023,2023-05-26,Sexual Orientation,Public Transportation,1
2023,2023-05-26,Religion,"House (Townhouse, Retirement Home, Garage, Vehicle, Cottage)",0
2023,2023-05-26,Sexual Orientation,Streets/Roadways/Highway,0
2023,2023-05-26,Religion,"Educational Institution (Universities, Colleges, Schools, Etc.)",0
2023,2023-06-01,Religion,Other Commercial / Corporate Places,0
2023,2023-06-02,Sexual Orientation,"Apartment Building (Condo, Retirement Buidling, Etc.)",0
2023,2023-06-02,Race,"Apartment Building (Condo, Retirement Buidling, Etc.)",0
2023,2023-06-02,Sexual Orientation,"Educational Institution (Universities, Colleges, Schools, Etc.)",0
2023,2023-06-03,Race,Streets/Roadways/Highway,0
2023,2023-06-03,Sexual Orientation,Streets/Roadways/Highway,0
2023,2023-06-05,Race,"Open Area, Park Or Parking Lot",0
2023,2023-06-05,Sexual Orientation,"House (Townhouse, Retirement Home, Garage, Vehicle, Cottage)",0
2023,2023-06-06,Race,"Open Area, Park Or Parking Lot",0
2023,2023-06-07,Ethnicity,"Apartment Building (Condo, Retirement Buidling, Etc.)",0
2023,2023-06-08,Sexual Orientation,Religious Place Of Worship/Cultural Centre,0
2023,2023-06-08,Race,Other Commercial / Corporate Places,1
2023,2023-06-09,Race,Streets/Roadways/Highway,1
2023,2023-06-09,Race,Streets/Roadways/Highway,0
2023,2023-06-10,Sexual Orientation,Streets/Roadways/Highway,1
2023,2023-06-10,Ethnicity,Streets/Roadways/Highway,0
2023,2023-06-11,Race,"Open Area, Park Or Parking Lot",0
2023,2023-06-11,Religion,Streets/Roadways/Highway,0
2023,2023-06-11,Gender,Non-Commercial/Non For Profit,0
2023,2023-06-12,Sexual Orientation,Public Transportation,0
2023,2023-06-12,Sexual Orientation,Business/Retail,0
2023,2023-06-13,Sexual Orientation,"Government Building (Courthouse, Museums, Parliament Building, Etc.)",0
2023,2023-06-15,Race,Streets/Roadways/Highway,1
2023,2023-06-16,Religion,Streets/Roadways/Highway,0
2023,2023-06-16,Race,Streets/Roadways/Highway,0
2023,2023-06-17,Race,Public Transportation,0
2023,2023-06-18,Race,Public Transportation,0
2023,2023-06-19,Sexual Orientation,"Educational Institution (Universities, Colleges, Schools, Etc.)",0
2023,2023-06-19,Sexual Orientation,Public Transportation,0
2023,2023-06-19,Religion,"Educational Institution (Universities, Colleges, Schools, Etc.)",0
2023,2023-06-19,Race,"Educational Institution (Universities, Colleges, Schools, Etc.)",0
2023,2023-06-20,Sexual Orientation,"Apartment Building (Condo, Retirement Buidling, Etc.)",0
2023,2023-06-22,Sexual Orientation,Public Transportation,0
2023,2023-06-23,Sexual Orientation,"Government Building (Courthouse, Museums, Parliament Building, Etc.)",0
2023,2023-06-23,Race,Public Transportation,0
2023,2023-06-23,Sexual Orientation,"House (Townhouse, Retirement Home, Garage, Vehicle, Cottage)",1
2023,2023-06-25,Sexual Orientation,"House (Townhouse, Retirement Home, Garage, Vehicle, Cottage)",0
2023,2023-06-26,Religion,Public Transportation,0
2023,2023-06-27,Religion,"Educational Institution (Universities, Colleges, Schools, Etc.)",0
2023,2023-06-28,Religion,"Educational Institution (Universities, Colleges, Schools, Etc.)",0
2023,2023-06-28,Religion,"Open Area, Park Or Parking Lot",0
2023,2023-06-30,Sexual Orientation,"Educational Institution (Universities, Colleges, Schools, Etc.)",0
2023,2023-07-01,Race,"Government Building (Courthouse, Museums, Parliament Building, Etc.)",0
2023,2023-07-01,Ethnicity,Other Commercial / Corporate Places,1
2023,2023-07-01,Religion,Streets/Roadways/Highway,0
2023,2023-07-01,Gender,"Apartment Building (Condo, Retirement Buidling, Etc.)",0
2023,2023-07-02,Religion,Streets/Roadways/Highway,0
2023,2023-07-02,Religion,"Open Area, Park Or Parking Lot",0
2023,2023-07-03,Religion,"Apartment Building (Condo, Retirement Buidling, Etc.)",0
2023,2023-07-06,Race,Public Transportation,0
2023,2023-07-06,Religion,"Educational Institution (Universities, Colleges, Schools, Etc.)",0
2023,2023-07-07,Religion,"Educational Institution (Universities, Colleges, Schools, Etc.)",0
2023,2023-07-08,Religion,"Apartment Building (Condo, Retirement Buidling, Etc.)",0
2023,2023-07-09,Race,"Apartment Building (Condo, Retirement Buidling, Etc.)",0
2023,2023-07-09,Race,Other Commercial / Corporate Places,0
2023,2023-07-10,Religion,"Open Area, Park Or Parking Lot",0
2023,2023-07-13,Sexual Orientation,"House (Townhouse, Retirement Home, Garage, Vehicle, Cottage)",0
2023,2023-07-15,Sexual Orientation,"Apartment Building (Condo, Retirement Buidling, Etc.)",0
2023,2023-07-18,Religion,Public Transportation,0
2023,2023-07-19,Religion,Streets/Roadways/Highway,0
2023,2023-07-19,Ethnicity,"Open Area, Park Or Parking Lot",0
2023,2023-07-20,Religion,"Apartment Building (Condo, Retirement Buidling, Etc.)",1
2023,2023-07-21,Religion,"Government Building (Courthouse, Museums, Parliament Building, Etc.)",0
2023,2023-07-23,Race,"House (Townhouse, Retirement Home, Garage, Vehicle, Cottage)",1
2023,2023-07-23,Religion,"Educational Institution (Universities, Colleges, Schools, Etc.)",0
2023,2023-07-25,Religion,"Apartment Building (Condo, Retirement Buidling, Etc.)",0
2023,2023-07-26,Religion,"Apartment Building (Condo, Retirement Buidling, Etc.)",0
2023,2023-07-26,Sexual Orientation,Streets/Roadways/Highway,0
2023,2023-07-27,Sexual Orientation,"Apartment Building (Condo, Retirement Buidling, Etc.)",1
2023,2023-07-29,Religion,"Apartment Building (Condo, Retirement Buidling, Etc.)",0
2023,2023-07-29,Ethnicity,Streets/Roadways/Highway,0
2023,2023-08-01,Sexual Orientation,"House (Townhouse, Retirement Home, Garage, Vehicle, Cottage)",1
2023,2023-08-03,Race,Public Transportation,0
2023,2023-08-05,Religion,Other Commercial / Corporate Places,0
2023,2023-08-08,Religion,Other Commercial / Corporate Places,0
2023,2023-08-08,Religion,Streets/Roadways/Highway,0
2023,2023-08-10,Race,"House (Townhouse, Retirement Home, Garage, Vehicle, Cottage)",1
2023,2023-08-11,Religion,Religious Place Of Worship/Cultural Centre,0
2023,2023-08-12,Race,Public Transportation,0
2023,2023-08-14,Religion,"Open Area, Park Or Parking Lot",0
2023,2023-08-16,Religion,"House (Townhouse, Retirement Home, Garage, Vehicle, Cottage)",0
2023,2023-08-21,Sexual Orientation,Other Commercial / Corporate Places,0
2023,2023-08-26,Sexual Orientation,"House (Townhouse, Retirement Home, Garage, Vehicle, Cottage)",1
2023,2023-08-26,Gender,Streets/Roadways/Highway,0
2023,2023-08-27,Religion,Other Commercial / Corporate Places,0
2023,2023-08-27,Religion,Streets/Roadways/Highway,0
2023,2023-08-28,Race,Public Transportation,0
2023,2023-08-30,Race,Public Transportation,1
2023,2023-08-31,Religion,Streets/Roadways/Highway,0
2023,2023-09-02,Religion,Religious Place Of Worship/Cultural Centre,1
2023,2023-09-02,Religion,Other Commercial / Corporate Places,0
2023,2023-09-02,Race,Religious Place Of Worship/Cultural Centre,0
2023,2023-09-03,Religion,"Open Area, Park Or Parking Lot",0
2023,2023-09-03,Race,"Educational Institution (Universities, Colleges, Schools, Etc.)",0
2023,2023-09-06,Sexual Orientation,Streets/Roadways/Highway,0
2023,2023-09-07,Religion,Other Commercial / Corporate Places,0
2023,2023-09-07,Sexual Orientation,"Apartment Building (Condo, Retirement Buidling, Etc.)",0
2023,2023-09-12,Ethnicity,Streets/Roadways/Highway,0
2023,2023-09-13,Religion,Other Commercial / Corporate Places,0
2023,2023-09-13,Religion,Public Transportation,0
2023,2023-09-15,Religion,"Educational Institution (Universities, Colleges, Schools, Etc.)",0
2023,2023-09-15,Race,"Educational Institution (Universities, Colleges, Schools, Etc.)",0
2023,2023-09-16,Sexual Orientation,Streets/Roadways/Highway,0
2023,2023-09-16,Religion,Religious Place Of Worship/Cultural Centre,0
2023,2023-09-17,Race,Public Transportation,0
2023,2023-09-17,Religion,"Open Area, Park Or Parking Lot",0
2023,2023-09-18,Religion,Streets/Roadways/Highway,0
2023,2023-09-18,Religion,Religious Place Of Worship/Cultural Centre,0
2023,2023-09-19,Religion,"Open Area, Park Or Parking Lot",0
2023,2023-09-20,Race,Other Commercial / Corporate Places,0
2023,2023-09-21,Religion,"Apartment Building (Condo, Retirement Buidling, Etc.)",0
2023,2023-09-21,Race,"Open Area, Park Or Parking Lot",0
2023,2023-09-21,Sexual Orientation,"Educational Institution (Universities, Colleges, Schools, Etc.)",0
2023,2023-09-25,Ethnicity,Streets/Roadways/Highway,1
2023,2023-09-25,Sexual Orientation,"Educational Institution (Universities, Colleges, Schools, Etc.)",0
2023,2023-09-26,Sexual Orientation,Streets/Roadways/Highway,0
2023,2023-09-27,Sexual Orientation,Other Commercial / Corporate Places,1
2023,2023-09-29,Sexual Orientation,"Educational Institution (Universities, Colleges, Schools, Etc.)",0
2023,2023-09-29,Gender,Non-Commercial/Non For Profit,0
2023,2023-09-30,Religion,"Apartment Building (Condo, Retirement Buidling, Etc.)",0
2023,2023-09-30,Race,"Educational Institution (Universities, Colleges, Schools, Etc.)",0
2023,2023-10-01,Ethnicity,"House (Townhouse, Retirement Home, Garage, Vehicle, Cottage)",0
2023,2023-10-04,Race,Public Transportation,0
2023,2023-10-06,Religion,Religious Place Of Worship/Cultural Centre,1
2023,2023-10-07,Ethnicity,"Government Building (Courthouse, Museums, Parliament Building, Etc.)",1
2023,2023-10-07,Sexual Orientation,"Open Area, Park Or Parking Lot",0
2023,2023-10-08,Religion,"Medical Facility (Hospitals, Long-Term Care, Etc.)",0
2023,2023-10-11,Religion,Business/Retail,0
2023,2023-10-12,Religion,"Educational Institution (Universities, Colleges, Schools, Etc.)",1
2023,2023-10-12,Religion,Religious Place Of Worship/Cultural Centre,1
2023,2023-10-15,Religion,"Educational Institution (Universities, Colleges, Schools, Etc.)",0
2023,2023-10-15,Religion,Religious Place Of Worship/Cultural Centre,0
2023,2023-10-15,Religion,"Open Area, Park Or Parking Lot",0
2023,2023-10-15,Religion,Streets/Roadways/Highway,0
2023,2023-10-15,Sexual Orientation,Business/Retail,0
2023,2023-10-16,Religion,Business/Retail,0
2023,2023-10-16,Religion,Other Commercial / Corporate Places,0
2023,2023-10-17,Religion,Streets/Roadways/Highway,0
2023,2023-10-17,Race,"Government Building (Courthouse, Museums, Parliament Building, Etc.)",0
2023,2023-10-17,Race,Public Transportation,0
2023,2023-10-20,Religion,Other Commercial / Corporate Places,0
2023,2023-10-20,Religion,"Educational Institution (Universities, Colleges, Schools, Etc.)",0
2023,2023-10-20,Gender,Public Transportation,0
2023,2023-10-20,Race,"Open Area, Park Or Parking Lot",0
2023,2023-10-21,Religion,Streets/Roadways/Highway,0
2023,2023-10-21,Religion,Other Commercial / Corporate Places,0
2023,2023-10-25,Religion,Streets/Roadways/Highway,1
2023,2023-10-25,Race,"House (Townhouse, Retirement Home, Garage, Vehicle, Cottage)",0
2023,2023-10-25,Race,"Educational Institution (Universities, Colleges, Schools, Etc.)",0
2023,2023-10-26,Religion,"Educational Institution (Universities, Colleges, Schools, Etc.)",0
2023,2023-10-26,Religion,Other Commercial / Corporate Places,0
2023,2023-10-27,Ethnicity,Other Commercial / Corporate Places,0
2023,2023-10-27,Religion,Business/Retail,1
2023,2023-10-28,Ethnicity,"Government Building (Courthouse, Museums, Parliament Building, Etc.)",0
2023,2023-10-29,Ethnicity,Streets/Roadways/Highway,0
2023,2023-10-29,Religion,"Apartment Building (Condo, Retirement Buidling, Etc.)",0
2023,2023-10-30,Religion,"Government Building (Courthouse, Museums, Parliament Building, Etc.)",0
2023,2023-10-30,Religion,Streets/Roadways/Highway,0
2023,2023-10-31,Sexual Orientation,Streets/Roadways/Highway,1
2023,2023-10-31,Religion,Streets/Roadways/Highway,0
2023,2023-11-01,Religion,Streets/Roadways/Highway,0
2023,2023-11-01,Religion,"Educational Institution (Universities, Colleges, Schools, Etc.)",0
2023,2023-11-01,Religion,Religious Place Of Worship/Cultural Centre,0
2023,2023-11-02,Ethnicity,Streets/Roadways/Highway,1
2023,2023-11-02,Religion,Streets/Roadways/Highway,0
2023,2023-11-02,Ethnicity,Public Transportation,0
2023,2023-11-02,Sexual Orientation,"Apartment Building (Condo, Retirement Buidling, Etc.)",0
2023,2023-11-05,Ethnicity,Public Transportation,0
2023,2023-11-05,Ethnicity,Streets/Roadways/Highway,1
2023,2023-11-05,Religion,Other Commercial / Corporate Places,0
2023,2023-11-05,Religion,Business/Retail,0
2023,2023-11-06,Religion,Streets/Roadways/Highway,0
2023,2023-11-06,Race,"House (Townhouse, Retirement Home, Garage, Vehicle, Cottage)",0
2023,2023-11-06,Religion,Religious Place Of Worship/Cultural Centre,0
2023,2023-11-08,Gender,Streets/Roadways/Highway,1
2023,2023-11-08,Race,Other Commercial / Corporate Places,0
2023,2023-11-09,Sexual Orientation,Other Commercial / Corporate Places,0
2023,2023-11-09,Religion,"Open Area, Park Or Parking Lot",0
2023,2023-11-10,Race,"Medical Facility (Hospitals, Long-Term Care, Etc.)",0
2023,2023-11-10,Religion,Streets/Roadways/Highway,0
2023,2023-11-11,Religion,"House (Townhouse, Retirement Home, Garage, Vehicle, Cottage)",0
2023,2023-11-13,Sexual Orientation,"Apartment Building (Condo, Retirement Buidling, Etc.)",1
2023,2023-11-15,Ethnicity,Streets/Roadways/Highway,1
2023,2023-11-15,Religion,Streets/Roadways/Highway,1
2023,2023-11-16,Religion,"Educational Institution (Universities, Colleges, Schools, Etc.)",0
2023,2023-11-17,Religion,Streets/Roadways/Highway,0
2023,2023-11-17,Race,"Apartment Building (Condo, Retirement Buidling, Etc.)",0
2023,2023-11-17,Religion,"Educational Institution (Universities, Colleges, Schools, Etc.)",0
2023,2023-11-18,Religion,Religious Place Of Worship/Cultural Centre,1
2023,2023-11-19,Religion,Religious Place Of Worship/Cultural Centre,0
2023,2023-11-20,Religion,"Educational Institution (Universities, Colleges, Schools, Etc.)",0
2023,2023-11-20,Religion,"Government Building (Courthouse, Museums, Parliament Building, Etc.)",0
2023,2023-11-20,Religion,"Apartment Building (Condo, Retirement Buidling, Etc.)",0
2023,2023-11-21,Religion,"Educational Institution (Universities, Colleges, Schools, Etc.)",0
2023,2023-11-22,Religion,Other Commercial / Corporate Places,0
2023,2023-11-22,Race,"Government Building (Courthouse, Museums, Parliament Building, Etc.)",0
2023,2023-11-24,Sexual Orientation,Other Commercial / Corporate Places,0
2023,2023-11-24,Religion,"Apartment Building (Condo, Retirement Buidling, Etc.)",0
2023,2023-11-27,Religion,Other Commercial / Corporate Places,0
2023,2023-11-30,Ethnicity,"Government Building (Courthouse, Museums, Parliament Building, Etc.)",0
2023,2023-11-30,Ethnicity,"Open Area, Park Or Parking Lot",0
2023,2023-12-01,Religion,"Open Area, Park Or Parking Lot",1
2023,2023-12-02,Religion,Streets/Roadways/Highway,1
2023,2023-12-02,Race,Public Transportation,1
2023,2023-12-04,Race,"Educational Institution (Universities, Colleges, Schools, Etc.)",0
2023,2023-12-05,Ethnicity,Religious Place Of Worship/Cultural Centre,0
2023,2023-12-06,Religion,"Educational Institution (Universities, Colleges, Schools, Etc.)",0
2023,2023-12-07,Religion,"Educational Institution (Universities, Colleges, Schools, Etc.)",0
2023,2023-12-07,Religion,Other Commercial / Corporate Places,0
2023,2023-12-10,Religion,Business/Retail,1
2023,2023-12-11,Religion,Business/Retail,0
2023,2023-12-12,Race,"Educational Institution (Universities, Colleges, Schools, Etc.)",0
2023,2023-12-14,Race,"Educational Institution (Universities, Colleges, Schools, Etc.)",0
2023,2023-12-14,Religion,"Educational Institution (Universities, Colleges, Schools, Etc.)",0
2023,2023-12-15,Race,Public Transportation,1
2023,2023-12-17,Ethnicity,Streets/Roadways/Highway,0
2023,2023-12-18,Religion,"Educational Institution (Universities, Colleges, Schools, Etc.)",1
2023,2023-12-19,Religion,"Apartment Building (Condo, Retirement Buidling, Etc.)",0
2023,2023-12-19,Race,Streets/Roadways/Highway,0
2023,2023-12-20,Religion,"Educational Institution (Universities, Colleges, Schools, Etc.)",1
2023,2023-12-21,Gender,"Apartment Building (Condo, Retirement Buidling, Etc.)",0
2023,2023-12-24,Ethnicity,Streets/Roadways/Highway,1
2023,2023-12-24,Ethnicity,Streets/Roadways/Highway,0
2023,2023-12-25,Sexual Orientation,"Apartment Building (Condo, Retirement Buidling, Etc.)",1
2023,2023-12-28,Sexual Orientation,"Apartment Building (Condo, Retirement Buidling, Etc.)",1
2023,2023-12-29,Ethnicity,Public Transportation,0
2023,2023-12-29,Ethnicity,Business/Retail,0
2023,2023-12-30,Ethnicity,Other Commercial / Corporate Places,0
2023,2023-12-30,Race,"Apartment Building (Condo, Retirement Buidling, Etc.)",1
